order_id,paid_at,payment_status,amountPaid,currencyCode,channel,transaction_id,orderRef,paidAt,status,amount,currency,method,txRef,order,timestamp,state,amt,ccy,paymentMethod,txn
ORD-000444,2023-12-26T22:44:47Z,FAILED,40000.0,NGN,ussd,c4053eb394bd,,,,,,,,,,,,,,
,,,,,,,ORD-000051,2023/10/11 00:04:00,SUCCESS,18000.0,NGN,ussd,TX-e0db986791e1,,,,,,,
,,,,,,,ORD-000326,2023/06/15 02:21:06,SUCCESS,40000.0,NGN,bank_transfer,TX-29e943358ef9,,,,,,,
,,,,,,,,,,,,,,ORD-001168,1695609487.0,FAILED,18000.0,NGN,ussd,TRX956710
,,,,,,,,,,,,,,ORD-000384,1703293121.0,SUCCESS,25000.0,USD,ussd,TRX738788
,,,,,,,,,,,,,,ORD-001275,1692117997.0,FAILED,5000.0,NGN,bank_transfer,TRX242164
ORD-000977,2023-06-30T12:44:44Z,FAILED,18000.0,USD,bank_transfer,86e5e0a49e48,,,,,,,,,,,,,,
,,,,,,,,,,,,,,ORD-000052,1700670101.0,FAILED,40000.0,NGN,ussd,TRX658053
,,,,,,,ORD-001208,2023/12/23 16:37:49,SUCCESS,18000.0,NGN,bank_transfer,TX-cdb78ece60e7,,,,,,,
ORD-000794,2023-07-07T12:27:01Z,SUCCESS,9000.0,NGN,card,6fa348ef20a8,,,,,,,,,,,,,,
ORD-000722,2023-05-17T06:48:03Z,SUCCESS,5000.0,NGN,ussd,3c928a8539c0,,,,,,,,,,,,,,
,,,,,,,,,,,,,,ORD-000632,1686910298.0,FAILED,5000.0,NGN,ussd,TRX104574
ORD-000377,2023-04-15T18:26:09Z,SUCCESS,18000.0,NGN,ussd,f216ffe6b7c8,,,,,,,,,,,,,,
ORD-001007,2023-09-06T08:07:28Z,SUCCESS,40000.0,NGN,card,07f8f2c45d16,,,,,,,,,,,,,,
,,,,,,,,,,,,,,ORD-001237,1679113806.0,FAILED,9000.0,NGN,card,TRX456406
,,,,,,,,,,,,,,ORD-000131,1689549195.0,SUCCESS,12000.0,NGN,ussd,TRX279217
ORD-000048,2023-09-14T22:15:26Z,SUCCESS,9000.0,NGN,bank_transfer,df2fb7a563b3,,,,,,,,,,,,,,
ORD-000388,2023-08-23T20:28:28Z,FAILED,5000.0,NGN,card,a233a2615dc4,,,,,,,,,,,,,,
,,,,,,,ORD-000086,2023/10/31 21:02:48,SUCCESS,9000.0,NGN,ussd,TX-0418cb718989,,,,,,,
ORD-000354,2023-09-10T21:42:03Z,SUCCESS,25000.0,NGN,card,848f5c30d1b2,,,,,,,,,,,,,,
ORD-000490,2023-11-04T19:36:51Z,SUCCESS,40000.0,USD,bank_transfer,2fa81fc4f805,,,,,,,,,,,,,,
,,,,,,,,,,,,,,ORD-001014,1675618935.0,SUCCESS,40000.0,NGN,bank_transfer,TRX726588
,,,,,,,,,,,,,,ORD-000836,1698602080.0,SUCCESS,18000.0,NGN,bank_transfer,TRX669114
ORD-000427,2023-09-08T20:36:31Z,SUCCESS,12000.0,NGN,bank_transfer,7ad5e12b9c27,,,,,,,,,,,,,,
ORD-000575,2023-09-12T11:59:29Z,SUCCESS,40000.0,USD,ussd,760ce69ca358,,,,,,,,,,,,,,
,,,,,,,,,,,,,,ORD-000725,1679196004.0,SUCCESS,12000.0,NGN,bank_transfer,TRX688842
,,,,,,,,,,,,,,ORD-000469,1704064940.0,SUCCESS,18000.0,NGN,ussd,TRX760583
ORD-000853,2023-03-25T19:43:17Z,SUCCESS,25000.0,NGN,bank_transfer,21c95cd2466e,,,,,,,,,,,,,,
,,,,,,,ORD-000316,2023/12/01 06:05:17,SUCCESS,25000.0,NGN,bank_transfer,TX-329f2092063c,,,,,,,
,,,,,,,,,,,,,,ORD-001041,1682286402.0,FAILED,25000.0,NGN,ussd,TRX688096
ORD-000516,2023-04-05T16:53:37Z,SUCCESS,25000.0,NGN,ussd,c32afb036afa,,,,,,,,,,,,,,
,,,,,,,ORD-001097,2023/05/19 06:27:00,FAILED,12000.0,NGN,ussd,TX-0215725b81a0,,,,,,,
,,,,,,,,,,,,,,ORD-000740,1673600951.0,SUCCESS,18000.0,NGN,ussd,TRX273208
,,,,,,,ORD-000017,2023/06/27 19:48:12,FAILED,25000.0,USD,card,TX-537a2adc6f78,,,,,,,
,,,,,,,ORD-001162,2023/09/28 15:58:45,SUCCESS,18000.0,USD,card,TX-34e62a68cda5,,,,,,,
ORD-000645,2023-09-04T14:02:04Z,SUCCESS,40000.0,NGN,bank_transfer,c103c9060483,,,,,,,,,,,,,,
,,,,,,,ORD-001344,2023/01/25 15:15:46,SUCCESS,12000.0,NGN,bank_transfer,TX-008483fdaceb,,,,,,,
,,,,,,,,,,,,,,ORD-000079,1676982371.0,SUCCESS,12000.0,NGN,ussd,TRX124284
,,,,,,,ORD-001152,2023/05/02 00:48:21,FAILED,9000.0,USD,card,TX-76ac4cd978b0,,,,,,,
,,,,,,,,,,,,,,ORD-000543,1695571839.0,SUCCESS,18000.0,NGN,card,TRX750579
,,,,,,,ORD-000678,2023/01/31 13:15:05,SUCCESS,5000.0,USD,ussd,TX-fa3a97beea2f,,,,,,,
,,,,,,,,,,,,,,ORD-000723,1673510737.0,SUCCESS,9000.0,NGN,card,TRX583098
,,,,,,,,,,,,,,ORD-000306,1687098223.0,SUCCESS,40000.0,USD,bank_transfer,TRX460653
,,,,,,,,,,,,,,ORD-000105,1684727476.0,SUCCESS,40000.0,NGN,ussd,TRX809778
ORD-000600,2023-02-01T03:57:23Z,SUCCESS,25000.0,USD,bank_transfer,8c34d30d717c,,,,,,,,,,,,,,
,,,,,,,,,,,,,,ORD-000166,1680320871.0,SUCCESS,12000.0,NGN,card,TRX460731
,,,,,,,,,,,,,,ORD-000641,1679910474.0,SUCCESS,18000.0,NGN,ussd,TRX242304
,,,,,,,ORD-001114,2023/06/11 10:54:49,SUCCESS,18000.0,NGN,card,TX-4e1dc6638b67,,,,,,,
,,,,,,,ORD-000288,2023/09/17 08:21:14,SUCCESS,18000.0,NGN,bank_transfer,TX-6ae215a31af5,,,,,,,
ORD-000342,2023-04-10T22:28:18Z,SUCCESS,5000.0,NGN,card,522eca42b219,,,,,,,,,,,,,,
,,,,,,,ORD-001077,2023/07/18 12:23:37,SUCCESS,9000.0,NGN,ussd,TX-487fbefb2df8,,,,,,,
,,,,,,,ORD-001360,2023/06/14 15:00:04,SUCCESS,18000.0,NGN,card,TX-d4306be98502,,,,,,,
,,,,,,,,,,,,,,ORD-000482,1692587116.0,SUCCESS,18000.0,NGN,card,TRX162197
,,,,,,,,,,,,,,ORD-000067,1683601818.0,SUCCESS,9000.0,NGN,ussd,TRX810074
ORD-000858,2023-03-30T09:03:01Z,SUCCESS,9000.0,USD,card,89d4c61b6ff3,,,,,,,,,,,,,,
,,,,,,,,,,,,,,ORD-000470,1703393151.0,SUCCESS,12000.0,NGN,card,TRX991508
,,,,,,,,,,,,,,ORD-000598,1677639984.0,FAILED,9000.0,NGN,bank_transfer,TRX520204
,,,,,,,,,,,,,,ORD-000095,1677388295.0,SUCCESS,9000.0,NGN,ussd,TRX367755
ORD-000741,2023-06-21T11:40:09Z,SUCCESS,5000.0,NGN,card,c7faa50229e6,,,,,,,,,,,,,,
ORD-000679,2023-08-18T07:34:48Z,FAILED,9000.0,NGN,bank_transfer,7704c33f7bf1,,,,,,,,,,,,,,
,,,,,,,,,,,,,,ORD-001068,1679346886.0,SUCCESS,25000.0,NGN,card,TRX490607
,,,,,,,ORD-000174,2023/09/24 06:57:48,SUCCESS,25000.0,NGN,card,TX-7034f83dc28a,,,,,,,
,,,,,,,,,,,,,,ORD-000244,1694090487.0,FAILED,40000.0,NGN,card,TRX712941
,,,,,,,,,,,,,,ORD-000958,1676776072.0,SUCCESS,18000.0,NGN,bank_transfer,TRX324006
,,,,,,,ORD-001043,2023/11/23 22:38:16,SUCCESS,40000.0,NGN,ussd,TX-d3175c68cfb7,,,,,,,
ORD-001032,2023-03-30T18:35:40Z,SUCCESS,25000.0,NGN,card,b08da6a6c530,,,,,,,,,,,,,,
,,,,,,,,,,,,,,ORD-000814,1702726584.0,FAILED,40000.0,NGN,bank_transfer,TRX582879
,,,,,,,ORD-000992,2023/10/28 03:43:37,FAILED,40000.0,NGN,card,TX-f8f5a91a3b48,,,,,,,
ORD-000003,2023-09-07T21:34:07Z,SUCCESS,40000.0,NGN,ussd,7d5d339ed645,,,,,,,,,,,,,,
,,,,,,,ORD-000403,2023/04/09 18:12:22,SUCCESS,9000.0,NGN,card,TX-94ac1e7a396d,,,,,,,
,,,,,,,,,,,,,,ORD-001399,1685190741.0,SUCCESS,18000.0,NGN,ussd,TRX681908
,,,,,,,,,,,,,,ORD-000437,1682922289.0,SUCCESS,12000.0,NGN,card,TRX627432
,,,,,,,ORD-000813,2023/04/03 07:53:40,SUCCESS,25000.0,NGN,card,TX-371828f30d8e,,,,,,,
ORD-000422,2023-06-08T11:38:45Z,SUCCESS,12000.0,NGN,bank_transfer,461c91cc1eaf,,,,,,,,,,,,,,
,,,,,,,,,,,,,,ORD-001099,1696811233.0,FAILED,5000.0,NGN,bank_transfer,TRX146822
,,,,,,,,,,,,,,ORD-000499,1694845930.0,FAILED,12000.0,NGN,card,TRX204992
ORD-000576,2023-01-24T08:13:57Z,FAILED,5000.0,NGN,bank_transfer,258c9336e5ad,,,,,,,,,,,,,,
,,,,,,,,,,,,,,ORD-001097,1690882283.0,FAILED,25000.0,NGN,card,TRX876189
,,,,,,,,,,,,,,ORD-000158,1685507892.0,SUCCESS,18000.0,NGN,ussd,TRX333060
,,,,,,,ORD-000019,2023/07/28 17:35:35,SUCCESS,40000.0,NGN,ussd,TX-4f70b37a4fd1,,,,,,,
,,,,,,,ORD-000981,2023/10/14 17:15:44,SUCCESS,25000.0,NGN,card,TX-0b42242571d0,,,,,,,
,,,,,,,,,,,,,,ORD-000628,1688841739.0,SUCCESS,5000.0,NGN,card,TRX470764
,,,,,,,,,,,,,,ORD-000527,1696598833.0,FAILED,5000.0,USD,card,TRX578939
ORD-000495,2023-08-06T17:26:14Z,SUCCESS,40000.0,NGN,card,5d197ba5af42,,,,,,,,,,,,,,
,,,,,,,ORD-000657,2023/03/12 00:32:56,FAILED,5000.0,NGN,card,TX-09b9f129e454,,,,,,,
,,,,,,,ORD-001197,2023/08/30 15:28:17,SUCCESS,12000.0,NGN,ussd,TX-3f067ff060c5,,,,,,,
,,,,,,,,,,,,,,ORD-000861,1688389391.0,FAILED,18000.0,NGN,bank_transfer,TRX962666
ORD-000382,2023-06-16T03:15:19Z,SUCCESS,40000.0,NGN,card,76e63916a211,,,,,,,,,,,,,,
,,,,,,,,,,,,,,ORD-000239,1697873142.0,SUCCESS,9000.0,NGN,ussd,TRX987574
ORD-001198,2023-06-05T15:39:08Z,FAILED,18000.0,NGN,ussd,ae7b97e8403f,,,,,,,,,,,,,,
,,,,,,,,,,,,,,ORD-000903,1679871523.0,SUCCESS,9000.0,NGN,bank_transfer,TRX581051
,,,,,,,,,,,,,,ORD-001116,1688564425.0,SUCCESS,9000.0,NGN,card,TRX327976
,,,,,,,,,,,,,,ORD-000592,1685308081.0,SUCCESS,18000.0,NGN,bank_transfer,TRX499783
,,,,,,,ORD-000869,2023/10/10 12:59:21,FAILED,5000.0,USD,bank_transfer,TX-ff1569bd4324,,,,,,,
ORD-000937,2023-10-30T14:04:02Z,FAILED,40000.0,NGN,bank_transfer,52184e604cc0,,,,,,,,,,,,,,
ORD-000381,2023-07-18T14:12:30Z,FAILED,25000.0,NGN,ussd,e2885dda9b94,,,,,,,,,,,,,,
ORD-000425,2023-04-12T17:22:55Z,SUCCESS,18000.0,NGN,bank_transfer,70e415012b6c,,,,,,,,,,,,,,
ORD-001158,2023-08-19T08:36:27Z,SUCCESS,9000.0,USD,bank_transfer,3f01e5b2d4a5,,,,,,,,,,,,,,
,,,,,,,ORD-001145,2023/01/02 03:52:04,FAILED,40000.0,NGN,ussd,TX-ab7998859d88,,,,,,,
ORD-000467,2023-10-11T02:10:50Z,FAILED,25000.0,NGN,card,dddd43faff2b,,,,,,,,,,,,,,
,,,,,,,,,,,,,,ORD-000297,1692457805.0,FAILED,5000.0,NGN,ussd,TRX501921
ORD-000457,2023-01-26T00:22:52Z,FAILED,40000.0,NGN,bank_transfer,20c2c0a915ea,,,,,,,,,,,,,,
,,,,,,,,,,,,,,ORD-000298,1675691618.0,FAILED,25000.0,NGN,bank_transfer,TRX264498
,,,,,,,,,,,,,,ORD-000255,1678993097.0,FAILED,40000.0,NGN,ussd,TRX711727
,,,,,,,,,,,,,,ORD-000821,1674323956.0,SUCCESS,18000.0,NGN,bank_transfer,TRX651362
,,,,,,,,,,,,,,ORD-001067,1680988404.0,SUCCESS,25000.0,USD,bank_transfer,TRX744140
ORD-000117,2023-03-04T14:46:18Z,SUCCESS,5000.0,NGN,card,fb7d83e83a9d,,,,,,,,,,,,,,
ORD-001119,2023-11-04T00:14:59Z,SUCCESS,40000.0,NGN,bank_transfer,9adf7a422acb,,,,,,,,,,,,,,
,,,,,,,,,,,,,,ORD-001095,1675953935.0,SUCCESS,18000.0,NGN,card,TRX321521
ORD-000642,2023-12-01T14:25:10Z,FAILED,5000.0,NGN,bank_transfer,326fe08af15b,,,,,,,,,,,,,,
ORD-000945,2023-11-20T10:17:13Z,SUCCESS,18000.0,NGN,card,4441ffe1cbfc,,,,,,,,,,,,,,
,,,,,,,,,,,,,,ORD-000625,1686305989.0,FAILED,5000.0,NGN,ussd,TRX701839
,,,,,,,,,,,,,,ORD-000433,1701151305.0,SUCCESS,25000.0,NGN,ussd,TRX156153
,,,,,,,,,,,,,,ORD-000342,1674120376.0,FAILED,5000.0,NGN,card,TRX623859
ORD-001012,2023-03-15T05:10:53Z,SUCCESS,18000.0,NGN,ussd,1fe9ab844fda,,,,,,,,,,,,,,
ORD-000399,2023-12-24T15:37:35Z,FAILED,25000.0,NGN,card,93302361ddc2,,,,,,,,,,,,,,
ORD-000675,2023-08-13T15:02:19Z,FAILED,25000.0,NGN,card,b1db05290696,,,,,,,,,,,,,,
ORD-000497,2023-09-19T04:40:13Z,FAILED,12000.0,NGN,bank_transfer,7ced51d07277,,,,,,,,,,,,,,
,,,,,,,,,,,,,,ORD-000682,1680077841.0,SUCCESS,9000.0,USD,bank_transfer,TRX813118
,,,,,,,ORD-001123,2023/03/01 11:26:54,SUCCESS,9000.0,USD,bank_transfer,TX-a189b16c3104,,,,,,,
,,,,,,,ORD-000316,2023/12/20 17:02:53,SUCCESS,12000.0,NGN,bank_transfer,TX-f89672fc1585,,,,,,,
ORD-000378,2023-08-05T13:41:18Z,SUCCESS,12000.0,NGN,card,61c85cebbf3a,,,,,,,,,,,,,,
,,,,,,,ORD-000863,2023/12/18 07:31:01,SUCCESS,40000.0,USD,ussd,TX-ce5066174400,,,,,,,
,,,,,,,ORD-000077,2023/09/28 09:10:48,SUCCESS,12000.0,NGN,card,TX-1eebe01a87f4,,,,,,,
,,,,,,,ORD-000201,2023/10/08 21:54:16,SUCCESS,5000.0,NGN,bank_transfer,TX-bdc3f5828419,,,,,,,
,,,,,,,ORD-000446,2023/08/23 05:22:17,FAILED,25000.0,NGN,bank_transfer,TX-cd39cd7fdb5a,,,,,,,
,,,,,,,,,,,,,,ORD-000692,1674079450.0,SUCCESS,12000.0,NGN,bank_transfer,TRX479964
,,,,,,,,,,,,,,ORD-001187,1688127766.0,FAILED,5000.0,USD,bank_transfer,TRX689722
,,,,,,,,,,,,,,ORD-000361,1676142030.0,SUCCESS,9000.0,NGN,ussd,TRX444585
ORD-000191,2023-06-05T12:33:30Z,SUCCESS,9000.0,NGN,card,9540435422d6,,,,,,,,,,,,,,
,,,,,,,ORD-000964,2023/12/29 20:21:31,SUCCESS,9000.0,NGN,card,TX-69295cbc1932,,,,,,,
,,,,,,,,,,,,,,ORD-000464,1682387286.0,SUCCESS,12000.0,USD,ussd,TRX239045
,,,,,,,,,,,,,,ORD-000350,1701085483.0,SUCCESS,25000.0,NGN,card,TRX930380
,,,,,,,ORD-000471,2023/06/09 22:12:17,SUCCESS,9000.0,NGN,card,TX-cc7de891961d,,,,,,,
,,,,,,,ORD-000632,2023/02/06 13:29:26,SUCCESS,12000.0,NGN,card,TX-73c927f4fc8e,,,,,,,
ORD-000345,2023-10-23T10:58:35Z,SUCCESS,40000.0,NGN,bank_transfer,e3a608496ed0,,,,,,,,,,,,,,
,,,,,,,ORD-000573,2023/11/10 23:51:28,SUCCESS,25000.0,NGN,bank_transfer,TX-b1f07fa38239,,,,,,,
ORD-000843,2023-09-30T10:56:09Z,SUCCESS,40000.0,NGN,card,19a00596b313,,,,,,,,,,,,,,
ORD-000134,2023-06-11T18:19:34Z,SUCCESS,25000.0,NGN,card,7c4ceeed3223,,,,,,,,,,,,,,
ORD-000633,2023-05-17T12:42:41Z,FAILED,5000.0,NGN,ussd,385659e67dde,,,,,,,,,,,,,,
,,,,,,,ORD-000958,2023/05/05 05:51:40,SUCCESS,12000.0,NGN,ussd,TX-605dc965273e,,,,,,,
,,,,,,,,,,,,,,ORD-000115,1703042192.0,SUCCESS,40000.0,NGN,bank_transfer,TRX961729
,,,,,,,,,,,,,,ORD-000056,1679229805.0,SUCCESS,9000.0,NGN,bank_transfer,TRX885749
,,,,,,,ORD-000360,2023/09/04 06:55:25,SUCCESS,40000.0,NGN,card,TX-45567c714772,,,,,,,
,,,,,,,,,,,,,,ORD-001195,1703956316.0,SUCCESS,9000.0,NGN,ussd,TRX697528
,,,,,,,,,,,,,,ORD-000475,1685406819.0,FAILED,5000.0,NGN,bank_transfer,TRX755477
,,,,,,,,,,,,,,ORD-000393,1695241084.0,FAILED,12000.0,NGN,ussd,TRX232976
ORD-000305,2023-01-01T20:30:40Z,SUCCESS,40000.0,NGN,ussd,4dc222dfdbf7,,,,,,,,,,,,,,
,,,,,,,ORD-000840,2023/03/20 06:47:05,SUCCESS,25000.0,NGN,ussd,TX-2f890462a5bf,,,,,,,
ORD-000488,2023-03-23T01:06:12Z,SUCCESS,40000.0,USD,card,e917dd457a78,,,,,,,,,,,,,,
,,,,,,,,,,,,,,ORD-000894,1681067508.0,SUCCESS,12000.0,NGN,ussd,TRX951375
,,,,,,,ORD-000583,2023/10/10 12:24:13,SUCCESS,9000.0,USD,bank_transfer,TX-2d03cea0efe8,,,,,,,
,,,,,,,ORD-000704,2023/06/24 16:07:49,SUCCESS,5000.0,NGN,bank_transfer,TX-3147f6e9b03c,,,,,,,
,,,,,,,ORD-000712,2023/10/22 19:29:42,SUCCESS,25000.0,USD,ussd,TX-0d95ed4258a0,,,,,,,
,,,,,,,,,,,,,,ORD-000765,1681657314.0,SUCCESS,5000.0,NGN,bank_transfer,TRX360821
ORD-000865,2023-05-07T21:36:58Z,FAILED,18000.0,NGN,ussd,e783c2a5acb5,,,,,,,,,,,,,,
ORD-000092,2023-06-27T20:00:03Z,FAILED,5000.0,NGN,ussd,3430d6ca6550,,,,,,,,,,,,,,
ORD-000697,2023-02-22T23:06:00Z,SUCCESS,12000.0,NGN,bank_transfer,fb993c1e4352,,,,,,,,,,,,,,
,,,,,,,,,,,,,,ORD-000824,1685190995.0,SUCCESS,25000.0,NGN,bank_transfer,TRX665071
ORD-000529,2023-01-07T08:52:10Z,SUCCESS,40000.0,NGN,card,c05379461864,,,,,,,,,,,,,,
,,,,,,,,,,,,,,ORD-001311,1674258926.0,FAILED,5000.0,NGN,bank_transfer,TRX184718
,,,,,,,ORD-001395,2023/11/07 01:49:16,SUCCESS,18000.0,USD,ussd,TX-7fa26d94bec6,,,,,,,
ORD-000804,2023-11-19T01:20:59Z,SUCCESS,5000.0,NGN,bank_transfer,92fcf8caf555,,,,,,,,,,,,,,
,,,,,,,,,,,,,,ORD-000157,1696957864.0,SUCCESS,18000.0,NGN,card,TRX615264
,,,,,,,,,,,,,,ORD-000535,1702287888.0,SUCCESS,40000.0,NGN,card,TRX317566
,,,,,,,,,,,,,,ORD-000754,1702313840.0,SUCCESS,12000.0,NGN,bank_transfer,TRX119552
ORD-000570,2023-10-22T22:45:43Z,SUCCESS,18000.0,NGN,ussd,abf50d63f65c,,,,,,,,,,,,,,
,,,,,,,ORD-001181,2023/07/08 03:36:41,SUCCESS,40000.0,NGN,card,TX-34c32c5749f4,,,,,,,
,,,,,,,ORD-000542,2023/11/05 21:42:35,SUCCESS,40000.0,NGN,card,TX-a9c964c7605c,,,,,,,
ORD-000344,2023-11-08T06:52:08Z,SUCCESS,9000.0,USD,bank_transfer,e4f62fe10a28,,,,,,,,,,,,,,
,,,,,,,,,,,,,,ORD-000493,1683393646.0,SUCCESS,9000.0,NGN,bank_transfer,TRX892272
,,,,,,,,,,,,,,ORD-000617,1699025293.0,FAILED,9000.0,NGN,bank_transfer,TRX642430
,,,,,,,ORD-001174,2023/10/22 15:58:40,SUCCESS,40000.0,NGN,ussd,TX-51bb1c49774b,,,,,,,
,,,,,,,,,,,,,,ORD-000662,1684301892.0,FAILED,5000.0,NGN,ussd,TRX907173
ORD-000290,2023-08-02T07:34:52Z,SUCCESS,25000.0,NGN,ussd,0d885b14a37d,,,,,,,,,,,,,,
ORD-000004,2023-09-07T14:24:06Z,SUCCESS,40000.0,NGN,bank_transfer,a23cd7dc4d2d,,,,,,,,,,,,,,
,,,,,,,,,,,,,,ORD-000718,1685149271.0,SUCCESS,18000.0,USD,card,TRX443458
,,,,,,,ORD-000106,2023/10/18 05:52:50,SUCCESS,12000.0,NGN,bank_transfer,TX-0339d51be6b8,,,,,,,
ORD-000529,2023-07-17T13:08:54Z,SUCCESS,40000.0,NGN,bank_transfer,e67e51f9d163,,,,,,,,,,,,,,
,,,,,,,,,,,,,,ORD-000215,1674945082.0,SUCCESS,12000.0,NGN,card,TRX561105
ORD-000182,2023-10-05T07:33:45Z,SUCCESS,9000.0,NGN,card,77d4c8761bbf,,,,,,,,,,,,,,
ORD-000915,2023-04-19T17:14:02Z,SUCCESS,18000.0,NGN,bank_transfer,e2367b72c2de,,,,,,,,,,,,,,
,,,,,,,ORD-000847,2023/05/31 17:34:46,FAILED,12000.0,NGN,bank_transfer,TX-7c3a4de6277f,,,,,,,
,,,,,,,,,,,,,,ORD-001044,1702788199.0,SUCCESS,18000.0,NGN,ussd,TRX377837
,,,,,,,,,,,,,,ORD-000767,1681678641.0,SUCCESS,12000.0,NGN,ussd,TRX980081
,,,,,,,ORD-000685,2023/08/17 03:16:26,SUCCESS,18000.0,NGN,card,TX-5b376e95b607,,,,,,,
,,,,,,,ORD-000057,2023/07/04 22:29:20,SUCCESS,12000.0,NGN,bank_transfer,TX-4556e22f7cd6,,,,,,,
,,,,,,,ORD-001239,2023/12/03 13:04:38,SUCCESS,12000.0,NGN,bank_transfer,TX-b749954ae9d1,,,,,,,
,,,,,,,ORD-000719,2023/04/26 18:00:17,FAILED,9000.0,NGN,bank_transfer,TX-c99c9d1da47b,,,,,,,
,,,,,,,ORD-000426,2023/08/30 13:22:10,SUCCESS,5000.0,NGN,card,TX-975d05c020a7,,,,,,,
,,,,,,,,,,,,,,ORD-000569,1673655177.0,SUCCESS,40000.0,NGN,bank_transfer,TRX630831
,,,,,,,,,,,,,,ORD-000595,1681369154.0,SUCCESS,12000.0,USD,ussd,TRX786496
,,,,,,,ORD-000749,2023/05/13 19:15:54,SUCCESS,9000.0,NGN,card,TX-c30d07fa4695,,,,,,,
,,,,,,,ORD-000881,2023/09/03 04:07:19,SUCCESS,5000.0,NGN,ussd,TX-39eb042c5a0e,,,,,,,
,,,,,,,,,,,,,,ORD-000060,1697256203.0,FAILED,12000.0,NGN,card,TRX713327
ORD-000741,2023-01-31T05:07:01Z,FAILED,25000.0,NGN,ussd,184654c65419,,,,,,,,,,,,,,
ORD-000818,2023-02-01T04:54:51Z,FAILED,12000.0,NGN,card,43793bcbfe40,,,,,,,,,,,,,,
ORD-000918,2023-06-06T00:58:56Z,SUCCESS,18000.0,NGN,bank_transfer,8dea45eca599,,,,,,,,,,,,,,
,,,,,,,,,,,,,,ORD-000191,1694101203.0,SUCCESS,40000.0,NGN,bank_transfer,TRX100062
,,,,,,,,,,,,,,ORD-000946,1692111901.0,SUCCESS,18000.0,NGN,ussd,TRX674158
,,,,,,,,,,,,,,ORD-000033,1685042437.0,SUCCESS,25000.0,NGN,bank_transfer,TRX714640
,,,,,,,,,,,,,,ORD-001079,1693295493.0,FAILED,9000.0,NGN,ussd,TRX825253
,,,,,,,,,,,,,,ORD-000370,1696165991.0,FAILED,5000.0,USD,bank_transfer,TRX430873
,,,,,,,,,,,,,,ORD-000986,1680650337.0,SUCCESS,9000.0,NGN,bank_transfer,TRX170344
,,,,,,,ORD-000727,2023/03/25 23:53:21,SUCCESS,5000.0,NGN,ussd,TX-b4c9e178da8c,,,,,,,
ORD-000630,2023-12-03T22:45:23Z,FAILED,5000.0,NGN,ussd,bace998f9d5e,,,,,,,,,,,,,,
ORD-001025,2023-03-07T02:42:03Z,SUCCESS,9000.0,NGN,bank_transfer,820f83352e1e,,,,,,,,,,,,,,
,,,,,,,,,,,,,,ORD-001284,1681337749.0,SUCCESS,40000.0,USD,card,TRX804850
,,,,,,,,,,,,,,ORD-000463,1688665876.0,SUCCESS,25000.0,USD,bank_transfer,TRX884040
ORD-000833,2023-05-01T10:17:01Z,SUCCESS,5000.0,NGN,bank_transfer,3830c55af19b,,,,,,,,,,,,,,
ORD-000417,2023-01-30T15:40:44Z,SUCCESS,12000.0,NGN,card,8ef26de0b182,,,,,,,,,,,,,,
ORD-000401,2023-12-16T19:09:03Z,SUCCESS,25000.0,NGN,bank_transfer,decc91e62551,,,,,,,,,,,,,,
,,,,,,,ORD-000716,2023/08/30 13:28:02,SUCCESS,9000.0,NGN,ussd,TX-484e92482d5e,,,,,,,
,,,,,,,,,,,,,,ORD-001002,1692741618.0,SUCCESS,5000.0,NGN,ussd,TRX948136
,,,,,,,,,,,,,,ORD-000622,1702266892.0,SUCCESS,25000.0,USD,card,TRX493329
,,,,,,,ORD-001063,2023/05/27 07:56:07,SUCCESS,25000.0,NGN,ussd,TX-433c293794c8,,,,,,,
,,,,,,,,,,,,,,ORD-000199,1679924558.0,SUCCESS,40000.0,NGN,ussd,TRX902610
,,,,,,,ORD-000114,2023/07/26 22:42:13,FAILED,9000.0,NGN,bank_transfer,TX-4002b5f1493f,,,,,,,
ORD-000355,2023-12-22T05:52:55Z,FAILED,12000.0,NGN,ussd,ce206a4f2fcf,,,,,,,,,,,,,,
,,,,,,,ORD-000496,2023/11/23 09:14:57,SUCCESS,25000.0,NGN,card,TX-f15619b39d85,,,,,,,
,,,,,,,ORD-000968,2023/04/25 15:23:20,FAILED,18000.0,NGN,card,TX-92633924820d,,,,,,,
,,,,,,,ORD-000511,2023/05/10 01:38:04,SUCCESS,5000.0,NGN,bank_transfer,TX-96905210eb0c,,,,,,,
,,,,,,,ORD-000657,2023/01/16 03:25:35,FAILED,18000.0,NGN,bank_transfer,TX-9b49e881be28,,,,,,,
,,,,,,,,,,,,,,ORD-000181,1696429003.0,FAILED,40000.0,NGN,card,TRX527050
ORD-001125,2023-09-15T17:36:30Z,SUCCESS,40000.0,NGN,bank_transfer,6a623cacb5d9,,,,,,,,,,,,,,
,,,,,,,ORD-000886,2023/10/19 00:05:50,SUCCESS,12000.0,USD,bank_transfer,TX-da1e945b08a5,,,,,,,
,,,,,,,,,,,,,,ORD-001144,1678697231.0,SUCCESS,25000.0,NGN,card,TRX999349
ORD-000547,2023-03-01T07:16:32Z,FAILED,25000.0,NGN,bank_transfer,a98269767a5c,,,,,,,,,,,,,,
,,,,,,,ORD-000211,2023/06/12 20:38:04,SUCCESS,40000.0,NGN,ussd,TX-e9cc63d942fc,,,,,,,
,,,,,,,ORD-000192,2023/01/23 20:44:24,SUCCESS,40000.0,NGN,ussd,TX-4a7c1063313e,,,,,,,
,,,,,,,ORD-000513,2023/11/07 17:06:59,SUCCESS,18000.0,NGN,bank_transfer,TX-43cbb518bb07,,,,,,,
,,,,,,,ORD-000258,2023/09/24 19:26:07,FAILED,40000.0,NGN,bank_transfer,TX-14edda1eaede,,,,,,,
,,,,,,,,,,,,,,ORD-000781,1691606248.0,SUCCESS,9000.0,NGN,card,TRX762099
,,,,,,,,,,,,,,ORD-001174,1675428635.0,SUCCESS,9000.0,NGN,card,TRX245911
ORD-000721,2023-02-20T07:05:08Z,SUCCESS,5000.0,NGN,ussd,12ccd7bcf0c3,,,,,,,,,,,,,,
,,,,,,,ORD-000324,2023/01/12 20:19:56,FAILED,12000.0,NGN,ussd,TX-bba80c7547fc,,,,,,,
,,,,,,,,,,,,,,ORD-001011,1676853610.0,SUCCESS,5000.0,NGN,card,TRX251779
ORD-000181,2023-05-10T23:25:00Z,FAILED,12000.0,NGN,ussd,b8b5fbbd32cf,,,,,,,,,,,,,,
,,,,,,,,,,,,,,ORD-001049,1673305234.0,SUCCESS,25000.0,USD,card,TRX518836
,,,,,,,ORD-001298,2023/04/22 20:41:28,SUCCESS,9000.0,NGN,card,TX-e8248a088006,,,,,,,
ORD-000858,2023-11-26T00:27:40Z,SUCCESS,18000.0,NGN,bank_transfer,5cdbc3f13ec9,,,,,,,,,,,,,,
,,,,,,,ORD-000699,2023/10/06 20:24:16,SUCCESS,40000.0,NGN,bank_transfer,TX-85b641c88fb3,,,,,,,
,,,,,,,,,,,,,,ORD-001197,1683620336.0,SUCCESS,5000.0,NGN,ussd,TRX198323
,,,,,,,,,,,,,,ORD-000675,1700750397.0,SUCCESS,25000.0,NGN,card,TRX616043
ORD-001046,2023-10-10T17:30:02Z,SUCCESS,25000.0,NGN,bank_transfer,33edda765cd0,,,,,,,,,,,,,,
,,,,,,,ORD-000487,2023/03/22 00:05:33,SUCCESS,9000.0,NGN,card,TX-6e0ce5d83a3a,,,,,,,
,,,,,,,,,,,,,,ORD-000283,1673303961.0,SUCCESS,9000.0,NGN,card,TRX683021
ORD-000573,2023-11-19T14:45:30Z,SUCCESS,5000.0,NGN,ussd,9f96cd7f8b13,,,,,,,,,,,,,,
,,,,,,,ORD-000032,2023/07/17 15:39:43,FAILED,40000.0,NGN,bank_transfer,TX-3118a6889b1f,,,,,,,
,,,,,,,,,,,,,,ORD-001068,1699295520.0,SUCCESS,25000.0,NGN,bank_transfer,TRX276672
ORD-001167,2023-04-30T15:08:17Z,FAILED,12000.0,NGN,ussd,1b7874d3831e,,,,,,,,,,,,,,
,,,,,,,,,,,,,,ORD-001154,1674134418.0,SUCCESS,9000.0,NGN,card,TRX688035
,,,,,,,ORD-000735,2023/10/13 14:34:44,SUCCESS,25000.0,NGN,card,TX-7f3a8e46e1a5,,,,,,,
,,,,,,,ORD-000453,2023/09/13 08:25:06,SUCCESS,25000.0,NGN,bank_transfer,TX-3b72c888cb83,,,,,,,
,,,,,,,,,,,,,,ORD-001046,1686087596.0,SUCCESS,18000.0,NGN,ussd,TRX975260
,,,,,,,,,,,,,,ORD-000779,1694704959.0,FAILED,40000.0,NGN,card,TRX794605
,,,,,,,ORD-000381,2023/07/24 02:21:40,SUCCESS,5000.0,NGN,ussd,TX-004dd43f2f91,,,,,,,
,,,,,,,,,,,,,,ORD-000227,1679857266.0,FAILED,18000.0,NGN,bank_transfer,TRX634724
,,,,,,,,,,,,,,ORD-000875,1696941817.0,SUCCESS,18000.0,NGN,bank_transfer,TRX770185
,,,,,,,,,,,,,,ORD-000038,1685926923.0,SUCCESS,12000.0,NGN,ussd,TRX869724
,,,,,,,,,,,,,,ORD-000667,1688467672.0,SUCCESS,40000.0,NGN,card,TRX310413
ORD-000979,2023-12-15T10:43:31Z,SUCCESS,40000.0,NGN,ussd,e4682476c43f,,,,,,,,,,,,,,
,,,,,,,,,,,,,,ORD-001031,1693423950.0,SUCCESS,12000.0,NGN,ussd,TRX191211
,,,,,,,,,,,,,,ORD-000132,1693875627.0,SUCCESS,9000.0,NGN,ussd,TRX549359
,,,,,,,,,,,,,,ORD-000247,1694405794.0,FAILED,18000.0,NGN,ussd,TRX369664
,,,,,,,,,,,,,,ORD-000550,1686162995.0,SUCCESS,12000.0,NGN,bank_transfer,TRX916473
,,,,,,,ORD-000637,2023/08/26 10:26:59,SUCCESS,9000.0,NGN,ussd,TX-1d81efd0c0fb,,,,,,,
,,,,,,,ORD-000017,2023/08/08 16:56:05,SUCCESS,9000.0,NGN,bank_transfer,TX-110bae6f0bd8,,,,,,,
ORD-000226,2023-11-01T14:03:03Z,FAILED,40000.0,NGN,card,919d564c84d5,,,,,,,,,,,,,,
,,,,,,,,,,,,,,ORD-000974,1693982595.0,FAILED,25000.0,NGN,bank_transfer,TRX394402
ORD-000441,2023-10-27T22:17:45Z,SUCCESS,18000.0,NGN,card,2f1024b5fc3e,,,,,,,,,,,,,,
,,,,,,,,,,,,,,ORD-001163,1689976149.0,SUCCESS,5000.0,NGN,bank_transfer,TRX186835
,,,,,,,ORD-001037,2023/04/17 15:24:15,FAILED,12000.0,NGN,card,TX-3ab93389ef20,,,,,,,
ORD-000148,2023-12-05T01:20:25Z,FAILED,25000.0,NGN,ussd,f38565f41c5a,,,,,,,,,,,,,,
,,,,,,,ORD-000996,2023/12/27 14:39:22,SUCCESS,5000.0,NGN,bank_transfer,TX-efaa03c3fa0d,,,,,,,
,,,,,,,ORD-001200,2023/12/13 14:40:04,SUCCESS,18000.0,USD,ussd,TX-9b207eacf4c3,,,,,,,
,,,,,,,,,,,,,,ORD-000826,1696036587.0,FAILED,12000.0,NGN,card,TRX885789
,,,,,,,,,,,,,,ORD-000613,1691770827.0,FAILED,40000.0,NGN,ussd,TRX656495
ORD-000715,2023-06-22T14:33:02Z,SUCCESS,25000.0,NGN,ussd,adae70e42a69,,,,,,,,,,,,,,
,,,,,,,ORD-000088,2023/02/03 04:50:12,SUCCESS,40000.0,USD,bank_transfer,TX-d71930148222,,,,,,,
,,,,,,,,,,,,,,ORD-000446,1680782239.0,SUCCESS,12000.0,NGN,ussd,TRX435571
,,,,,,,ORD-000183,2023/05/31 00:21:57,FAILED,25000.0,NGN,bank_transfer,TX-bed4b0a6c217,,,,,,,
,,,,,,,,,,,,,,ORD-000979,1689711018.0,SUCCESS,18000.0,NGN,ussd,TRX688438
ORD-000046,2023-11-19T09:25:42Z,SUCCESS,25000.0,NGN,ussd,bd9a5be91ce5,,,,,,,,,,,,,,
,,,,,,,,,,,,,,ORD-000205,1689471907.0,FAILED,5000.0,NGN,bank_transfer,TRX260617
ORD-000568,2023-02-07T06:34:25Z,SUCCESS,12000.0,NGN,ussd,bff31e956f4d,,,,,,,,,,,,,,
ORD-000206,2023-12-23T09:08:40Z,SUCCESS,40000.0,NGN,ussd,115071f4bb90,,,,,,,,,,,,,,
,,,,,,,,,,,,,,ORD-001060,1683817035.0,SUCCESS,18000.0,NGN,bank_transfer,TRX555473
,,,,,,,,,,,,,,ORD-000654,1702659404.0,FAILED,12000.0,NGN,card,TRX860515
,,,,,,,,,,,,,,ORD-000431,1700560706.0,SUCCESS,40000.0,NGN,bank_transfer,TRX616559
,,,,,,,,,,,,,,ORD-000841,1678393875.0,SUCCESS,25000.0,NGN,ussd,TRX378534
ORD-000111,2023-06-07T06:05:03Z,SUCCESS,5000.0,NGN,ussd,bb9d4915272f,,,,,,,,,,,,,,
,,,,,,,,,,,,,,ORD-000738,1688094177.0,SUCCESS,5000.0,NGN,card,TRX229047
ORD-000517,2023-06-26T15:32:52Z,SUCCESS,12000.0,NGN,bank_transfer,58558f8dc7d5,,,,,,,,,,,,,,
,,,,,,,,,,,,,,ORD-000147,1681336384.0,SUCCESS,12000.0,NGN,bank_transfer,TRX483026
ORD-001025,2023-06-05T20:18:07Z,SUCCESS,40000.0,NGN,card,316e87a015ab,,,,,,,,,,,,,,
ORD-001000,2023-02-06T23:36:51Z,SUCCESS,12000.0,NGN,bank_transfer,d8497cbb0eab,,,,,,,,,,,,,,
,,,,,,,ORD-000644,2023/04/03 08:20:16,SUCCESS,12000.0,NGN,ussd,TX-0e14f544c84b,,,,,,,
,,,,,,,,,,,,,,ORD-000037,1697692886.0,SUCCESS,25000.0,NGN,bank_transfer,TRX416053
,,,,,,,,,,,,,,ORD-000742,1675810174.0,SUCCESS,25000.0,NGN,bank_transfer,TRX910981
,,,,,,,ORD-000241,2023/06/09 10:33:11,FAILED,40000.0,NGN,card,TX-03d7b073124e,,,,,,,
ORD-000619,2023-01-01T17:31:54Z,SUCCESS,18000.0,NGN,bank_transfer,15d0352eefc5,,,,,,,,,,,,,,
,,,,,,,,,,,,,,ORD-000911,1696566819.0,FAILED,40000.0,USD,ussd,TRX718520
ORD-000503,2023-02-18T08:17:22Z,SUCCESS,12000.0,NGN,ussd,34dae7b82dad,,,,,,,,,,,,,,
,,,,,,,,,,,,,,ORD-001062,1679804193.0,SUCCESS,18000.0,NGN,bank_transfer,TRX138880
,,,,,,,ORD-000053,2023/08/25 07:28:25,SUCCESS,18000.0,NGN,card,TX-ef7cf378b375,,,,,,,
,,,,,,,,,,,,,,ORD-000064,1700931129.0,FAILED,5000.0,NGN,card,TRX501832
,,,,,,,,,,,,,,ORD-000553,1673653379.0,SUCCESS,9000.0,NGN,bank_transfer,TRX654698
ORD-000201,2023-12-18T00:38:09Z,SUCCESS,12000.0,NGN,card,6193bb00631e,,,,,,,,,,,,,,
,,,,,,,,,,,,,,ORD-000485,1690975307.0,SUCCESS,18000.0,NGN,ussd,TRX809734
ORD-000406,2023-07-09T01:22:13Z,SUCCESS,12000.0,NGN,bank_transfer,5712d11a0909,,,,,,,,,,,,,,
,,,,,,,ORD-000835,2023/07/09 22:16:27,FAILED,25000.0,NGN,card,TX-28bad19b0055,,,,,,,
,,,,,,,ORD-000175,2023/03/31 12:15:57,SUCCESS,25000.0,NGN,card,TX-39ff20cc14c1,,,,,,,
,,,,,,,ORD-001270,2023/01/19 07:16:04,SUCCESS,40000.0,NGN,bank_transfer,TX-6f7bbe0a773d,,,,,,,
ORD-000465,2023-06-07T08:37:52Z,SUCCESS,40000.0,NGN,card,3edf6195aa04,,,,,,,,,,,,,,
ORD-001163,2023-06-21T12:17:04Z,SUCCESS,12000.0,USD,card,f5705944158d,,,,,,,,,,,,,,
,,,,,,,ORD-000046,2023/10/01 05:58:06,SUCCESS,5000.0,NGN,ussd,TX-07ccbfebe69e,,,,,,,
ORD-000468,2023-10-28T15:52:30Z,SUCCESS,9000.0,NGN,bank_transfer,807a1136057d,,,,,,,,,,,,,,
,,,,,,,,,,,,,,ORD-000052,1678373237.0,SUCCESS,40000.0,NGN,bank_transfer,TRX535243
,,,,,,,,,,,,,,ORD-000965,1681403546.0,SUCCESS,25000.0,NGN,card,TRX900679
,,,,,,,,,,,,,,ORD-000879,1676010332.0,FAILED,9000.0,NGN,card,TRX935467
ORD-000155,2023-09-01T08:32:58Z,SUCCESS,18000.0,NGN,bank_transfer,6951efdaef10,,,,,,,,,,,,,,
,,,,,,,,,,,,,,ORD-000222,1688947097.0,SUCCESS,9000.0,NGN,ussd,TRX983846
ORD-000627,2023-10-22T11:09:11Z,SUCCESS,40000.0,USD,bank_transfer,263f57f451b8,,,,,,,,,,,,,,
ORD-000774,2023-09-29T21:05:32Z,FAILED,12000.0,NGN,bank_transfer,80baa4562400,,,,,,,,,,,,,,
,,,,,,,ORD-000157,2023/07/22 05:56:45,FAILED,40000.0,NGN,ussd,TX-69e539587387,,,,,,,
ORD-000438,2023-12-24T19:45:25Z,SUCCESS,40000.0,USD,ussd,8f12875708f8,,,,,,,,,,,,,,
,,,,,,,ORD-000119,2023/08/03 14:45:45,SUCCESS,40000.0,NGN,ussd,TX-7a3372ae97cc,,,,,,,
,,,,,,,,,,,,,,ORD-000911,1686920665.0,SUCCESS,12000.0,NGN,card,TRX620780
ORD-000533,2023-09-18T11:56:34Z,FAILED,12000.0,USD,card,689a968f9dc3,,,,,,,,,,,,,,
,,,,,,,ORD-000500,2023/04/05 08:18:34,SUCCESS,5000.0,USD,card,TX-91cdc5608e0c,,,,,,,
,,,,,,,,,,,,,,ORD-000347,1679478941.0,SUCCESS,25000.0,NGN,card,TRX605081
ORD-000809,2023-07-02T00:43:12Z,SUCCESS,5000.0,NGN,card,51657ab82349,,,,,,,,,,,,,,
ORD-000990,2023-02-12T02:25:47Z,SUCCESS,18000.0,NGN,card,816e220517bd,,,,,,,,,,,,,,
,,,,,,,ORD-000765,2023/07/07 15:35:26,SUCCESS,5000.0,NGN,bank_transfer,TX-57cbb78e3328,,,,,,,
,,,,,,,ORD-000380,2023/07/13 18:54:07,FAILED,25000.0,NGN,bank_transfer,TX-aed401ab2fb2,,,,,,,
,,,,,,,,,,,,,,ORD-000102,1682590965.0,FAILED,9000.0,NGN,bank_transfer,TRX146888
ORD-000332,2023-11-25T03:30:38Z,SUCCESS,12000.0,NGN,bank_transfer,8770d62ed830,,,,,,,,,,,,,,
ORD-000957,2023-02-12T09:42:29Z,SUCCESS,12000.0,NGN,card,7c35a150903c,,,,,,,,,,,,,,
,,,,,,,,,,,,,,ORD-000473,1695406288.0,FAILED,25000.0,NGN,bank_transfer,TRX134802
,,,,,,,,,,,,,,ORD-000997,1673050146.0,FAILED,40000.0,NGN,card,TRX220054
,,,,,,,,,,,,,,ORD-000923,1674312279.0,FAILED,12000.0,NGN,card,TRX685790
ORD-000385,2023-07-31T14:10:33Z,FAILED,5000.0,NGN,bank_transfer,4d85d449a75e,,,,,,,,,,,,,,
,,,,,,,ORD-000359,2023/05/09 23:31:31,SUCCESS,40000.0,NGN,card,TX-89304599c170,,,,,,,
ORD-000284,2023-03-08T17:57:57Z,SUCCESS,5000.0,NGN,card,ef91c59b9115,,,,,,,,,,,,,,
,,,,,,,,,,,,,,ORD-000052,1696282335.0,SUCCESS,25000.0,NGN,bank_transfer,TRX110972
,,,,,,,ORD-000475,2023/10/28 02:06:37,SUCCESS,25000.0,NGN,ussd,TX-2e34b8ea96bc,,,,,,,
,,,,,,,,,,,,,,ORD-000394,1700689948.0,SUCCESS,12000.0,NGN,card,TRX570427
,,,,,,,ORD-000669,2023/07/06 10:05:30,SUCCESS,9000.0,NGN,bank_transfer,TX-3db6762eb24b,,,,,,,
,,,,,,,ORD-000707,2023/01/11 02:19:18,SUCCESS,5000.0,NGN,ussd,TX-e40aa2e60cbc,,,,,,,
,,,,,,,ORD-000182,2023/12/20 18:02:12,SUCCESS,12000.0,NGN,card,TX-b7d445e3ea89,,,,,,,
,,,,,,,,,,,,,,ORD-001194,1688710846.0,SUCCESS,12000.0,USD,card,TRX947276
,,,,,,,ORD-000930,2023/07/11 09:03:37,SUCCESS,40000.0,NGN,card,TX-db16e1cef4c0,,,,,,,
ORD-001209,2023-06-09T12:59:05Z,SUCCESS,12000.0,USD,card,f39457882230,,,,,,,,,,,,,,
,,,,,,,,,,,,,,ORD-000520,1685348551.0,FAILED,12000.0,USD,card,TRX667143
,,,,,,,,,,,,,,ORD-001138,1683294125.0,FAILED,12000.0,NGN,bank_transfer,TRX220904
ORD-000929,2023-06-27T16:15:23Z,SUCCESS,5000.0,NGN,ussd,eb5ff9e928aa,,,,,,,,,,,,,,
,,,,,,,ORD-001272,2023/05/01 10:56:17,SUCCESS,25000.0,NGN,ussd,TX-ccc29a2c8e57,,,,,,,
,,,,,,,,,,,,,,ORD-000932,1693839015.0,SUCCESS,40000.0,NGN,card,TRX899600
,,,,,,,ORD-000485,2023/03/30 09:49:12,FAILED,18000.0,NGN,bank_transfer,TX-443706ae9f31,,,,,,,
ORD-000925,2023-12-21T08:16:01Z,SUCCESS,12000.0,USD,bank_transfer,b95be61d8492,,,,,,,,,,,,,,
,,,,,,,ORD-000697,2023/10/30 17:17:42,FAILED,25000.0,NGN,ussd,TX-9f22e8b93da7,,,,,,,
,,,,,,,,,,,,,,ORD-000622,1701832469.0,SUCCESS,5000.0,NGN,ussd,TRX667700
ORD-000706,2023-01-08T14:04:02Z,SUCCESS,5000.0,NGN,bank_transfer,5379e99a8301,,,,,,,,,,,,,,
ORD-001196,2023-11-14T12:50:58Z,SUCCESS,18000.0,NGN,bank_transfer,9426029d49ee,,,,,,,,,,,,,,
,,,,,,,ORD-000216,2023/01/20 21:27:05,SUCCESS,12000.0,NGN,ussd,TX-9f17d3944e9e,,,,,,,
ORD-000742,2023-09-19T14:30:31Z,SUCCESS,9000.0,NGN,bank_transfer,4a0b549d6f10,,,,,,,,,,,,,,
,,,,,,,ORD-000934,2023/03/06 15:08:28,SUCCESS,25000.0,NGN,ussd,TX-6b0e5e1602c6,,,,,,,
,,,,,,,ORD-000051,2023/08/14 05:42:44,FAILED,40000.0,NGN,ussd,TX-44de7aeec79d,,,,,,,
,,,,,,,,,,,,,,ORD-000715,1686518779.0,FAILED,25000.0,NGN,bank_transfer,TRX864321
,,,,,,,ORD-000836,2023/03/26 20:25:02,SUCCESS,18000.0,NGN,bank_transfer,TX-1b51f40eefb7,,,,,,,
ORD-000907,2023-12-12T18:51:21Z,SUCCESS,5000.0,NGN,ussd,081e5d22bc0a,,,,,,,,,,,,,,
,,,,,,,,,,,,,,ORD-000421,1691489481.0,SUCCESS,9000.0,NGN,bank_transfer,TRX621144
,,,,,,,,,,,,,,ORD-000377,1699639727.0,SUCCESS,5000.0,NGN,bank_transfer,TRX157854
ORD-000489,2023-02-17T20:19:56Z,FAILED,9000.0,NGN,ussd,c0e3ffb4e877,,,,,,,,,,,,,,
ORD-000067,2023-07-29T13:48:06Z,SUCCESS,12000.0,USD,ussd,2609ccad5d11,,,,,,,,,,,,,,
,,,,,,,ORD-000475,2023/09/23 19:10:18,SUCCESS,9000.0,NGN,card,TX-4ee2fae8da40,,,,,,,
ORD-000471,2023-04-19T17:04:16Z,SUCCESS,5000.0,NGN,bank_transfer,10268a069cf3,,,,,,,,,,,,,,
,,,,,,,,,,,,,,ORD-000774,1681208041.0,SUCCESS,18000.0,USD,ussd,TRX741699
,,,,,,,ORD-000268,2023/05/13 10:34:10,SUCCESS,9000.0,NGN,bank_transfer,TX-b57953a6161e,,,,,,,
,,,,,,,ORD-000186,2023/07/16 10:50:52,SUCCESS,5000.0,NGN,bank_transfer,TX-d7f768a530b3,,,,,,,
ORD-000784,2023-04-09T13:39:56Z,SUCCESS,25000.0,NGN,ussd,c9a8835f0c43,,,,,,,,,,,,,,
,,,,,,,ORD-000698,2023/02/11 09:53:57,FAILED,25000.0,NGN,ussd,TX-f3fa714d8897,,,,,,,
,,,,,,,ORD-000525,2023/05/21 15:06:35,SUCCESS,25000.0,USD,bank_transfer,TX-992a89d4ed9e,,,,,,,
,,,,,,,ORD-000664,2023/06/22 10:59:55,SUCCESS,12000.0,USD,bank_transfer,TX-cc4c1f4c9860,,,,,,,
ORD-000062,2023-08-05T08:50:08Z,SUCCESS,40000.0,NGN,bank_transfer,275d82ee878f,,,,,,,,,,,,,,
ORD-001115,2023-01-11T15:30:28Z,SUCCESS,25000.0,NGN,card,1b8a953b1314,,,,,,,,,,,,,,
,,,,,,,ORD-000346,2023/04/07 17:50:24,SUCCESS,5000.0,NGN,bank_transfer,TX-7bf5816fcb37,,,,,,,
,,,,,,,,,,,,,,ORD-000668,1685996048.0,SUCCESS,25000.0,USD,card,TRX793982
,,,,,,,,,,,,,,ORD-000967,1690129944.0,SUCCESS,25000.0,USD,card,TRX621208
ORD-000157,2023-11-08T05:57:02Z,FAILED,18000.0,NGN,bank_transfer,fac700ad8417,,,,,,,,,,,,,,
ORD-000232,2023-12-22T15:04:05Z,SUCCESS,5000.0,NGN,bank_transfer,f6a709689bbe,,,,,,,,,,,,,,
,,,,,,,ORD-000481,2023/10/23 05:57:58,FAILED,18000.0,NGN,ussd,TX-b5720439e2ee,,,,,,,
,,,,,,,ORD-001283,2023/09/30 11:14:06,FAILED,12000.0,NGN,ussd,TX-4d6f86d558a0,,,,,,,
,,,,,,,ORD-000308,2023/02/27 03:26:24,SUCCESS,5000.0,NGN,ussd,TX-d8a53f3d87bf,,,,,,,
ORD-001002,2023-04-26T13:26:11Z,SUCCESS,12000.0,NGN,bank_transfer,6bf1e27bd1c0,,,,,,,,,,,,,,
,,,,,,,,,,,,,,ORD-000282,1701552037.0,SUCCESS,12000.0,NGN,card,TRX525502
ORD-000956,2023-09-10T12:37:10Z,SUCCESS,18000.0,NGN,card,b4c6b63a55c9,,,,,,,,,,,,,,
ORD-001170,2023-04-09T04:50:52Z,SUCCESS,40000.0,NGN,card,89bc3f7b38aa,,,,,,,,,,,,,,
,,,,,,,,,,,,,,ORD-000986,1703017000.0,SUCCESS,9000.0,NGN,bank_transfer,TRX311459
,,,,,,,,,,,,,,ORD-001296,1689087334.0,FAILED,9000.0,NGN,card,TRX517224
ORD-000022,2023-01-20T00:28:26Z,SUCCESS,25000.0,NGN,bank_transfer,b7cd2ad1bc84,,,,,,,,,,,,,,
ORD-000276,2023-07-08T12:30:12Z,FAILED,12000.0,NGN,ussd,78ad0b797cce,,,,,,,,,,,,,,
,,,,,,,,,,,,,,ORD-000205,1693813696.0,SUCCESS,40000.0,NGN,card,TRX212048
,,,,,,,,,,,,,,ORD-001017,1700952586.0,SUCCESS,25000.0,NGN,ussd,TRX235399
,,,,,,,ORD-001171,2023/01/18 22:48:11,FAILED,40000.0,NGN,ussd,TX-167cf9cfa946,,,,,,,
,,,,,,,ORD-000259,2023/03/30 02:20:45,SUCCESS,5000.0,NGN,ussd,TX-06de5b731981,,,,,,,
,,,,,,,,,,,,,,ORD-001179,1701085909.0,FAILED,25000.0,NGN,bank_transfer,TRX269371
ORD-000212,2023-07-27T23:27:58Z,SUCCESS,12000.0,USD,ussd,33e53671467d,,,,,,,,,,,,,,
ORD-000159,2023-11-24T02:58:17Z,FAILED,5000.0,NGN,ussd,420ce104b8a9,,,,,,,,,,,,,,
,,,,,,,ORD-000338,2023/12/18 02:14:33,SUCCESS,18000.0,NGN,bank_transfer,TX-02d2dd3df291,,,,,,,
ORD-000227,2023-12-22T05:59:51Z,FAILED,9000.0,NGN,ussd,323e7a57b409,,,,,,,,,,,,,,
ORD-000325,2023-02-20T14:21:14Z,SUCCESS,25000.0,NGN,card,797d869c091d,,,,,,,,,,,,,,
,,,,,,,ORD-000144,2023/04/27 15:44:12,SUCCESS,9000.0,NGN,bank_transfer,TX-22c49cf30f76,,,,,,,
,,,,,,,,,,,,,,ORD-000890,1699019193.0,SUCCESS,12000.0,USD,card,TRX411497
,,,,,,,ORD-000627,2023/09/02 12:53:57,SUCCESS,18000.0,NGN,bank_transfer,TX-56e60373a561,,,,,,,
,,,,,,,,,,,,,,ORD-000338,1701623214.0,SUCCESS,18000.0,NGN,bank_transfer,TRX889245
,,,,,,,ORD-000630,2023/12/14 07:43:58,SUCCESS,9000.0,NGN,ussd,TX-22b463657ea4,,,,,,,
,,,,,,,ORD-001171,2023/10/24 06:44:09,SUCCESS,40000.0,USD,bank_transfer,TX-56c660e81309,,,,,,,
,,,,,,,ORD-001276,2023/04/24 19:03:54,SUCCESS,40000.0,USD,bank_transfer,TX-e9381a6debb8,,,,,,,
,,,,,,,,,,,,,,ORD-000103,1682164022.0,FAILED,12000.0,NGN,card,TRX606387
,,,,,,,ORD-000851,2023/04/22 20:12:15,SUCCESS,40000.0,NGN,bank_transfer,TX-b6e8ef2ddc36,,,,,,,
ORD-000258,2023-04-12T15:12:43Z,SUCCESS,25000.0,NGN,card,006abd6175bf,,,,,,,,,,,,,,
,,,,,,,,,,,,,,ORD-000174,1681538218.0,SUCCESS,5000.0,USD,ussd,TRX811741
,,,,,,,ORD-000956,2023/02/12 05:28:00,SUCCESS,9000.0,NGN,card,TX-b3019fa29a59,,,,,,,
ORD-000812,2023-12-20T23:15:41Z,FAILED,12000.0,USD,bank_transfer,978635a814b2,,,,,,,,,,,,,,
,,,,,,,ORD-000027,2023/09/04 06:33:40,FAILED,25000.0,NGN,bank_transfer,TX-e6f35ab62fdd,,,,,,,
ORD-000446,2023-08-26T05:14:59Z,SUCCESS,12000.0,NGN,ussd,d5702ae1f03f,,,,,,,,,,,,,,
,,,,,,,,,,,,,,ORD-001179,1693917837.0,FAILED,25000.0,NGN,ussd,TRX537524
ORD-000986,2023-11-06T14:54:43Z,SUCCESS,25000.0,NGN,bank_transfer,f9797951e9e9,,,,,,,,,,,,,,
,,,,,,,ORD-001244,2023/06/17 11:47:08,SUCCESS,18000.0,NGN,card,TX-c870be40e0ed,,,,,,,
ORD-000484,2023-05-07T00:04:03Z,FAILED,25000.0,NGN,ussd,7101d1ab206c,,,,,,,,,,,,,,
,,,,,,,ORD-001177,2023/10/01 02:01:43,SUCCESS,18000.0,NGN,card,TX-2c8419893e7e,,,,,,,
ORD-000639,2023-02-26T13:32:48Z,SUCCESS,40000.0,NGN,bank_transfer,f838af6afa7a,,,,,,,,,,,,,,
ORD-000652,2023-09-13T19:08:39Z,SUCCESS,9000.0,USD,ussd,2c8ebfd356fe,,,,,,,,,,,,,,
ORD-000256,2023-08-29T11:45:53Z,SUCCESS,40000.0,NGN,card,98fe33748882,,,,,,,,,,,,,,
ORD-000887,2023-05-22T05:47:15Z,SUCCESS,9000.0,USD,bank_transfer,ecfb4da8e27f,,,,,,,,,,,,,,
,,,,,,,ORD-000627,2023/09/23 14:30:08,SUCCESS,12000.0,NGN,ussd,TX-9548b3738b21,,,,,,,
,,,,,,,,,,,,,,ORD-000376,1684166522.0,FAILED,9000.0,NGN,bank_transfer,TRX450616
,,,,,,,,,,,,,,ORD-000509,1675839935.0,SUCCESS,18000.0,NGN,card,TRX343734
,,,,,,,,,,,,,,ORD-000510,1702667985.0,SUCCESS,9000.0,NGN,card,TRX543653
,,,,,,,ORD-000367,2023/04/24 20:04:43,SUCCESS,25000.0,NGN,bank_transfer,TX-16c234ac6218,,,,,,,
,,,,,,,,,,,,,,ORD-000391,1700009991.0,SUCCESS,12000.0,NGN,card,TRX146999
ORD-000149,2023-01-19T17:14:08Z,FAILED,5000.0,NGN,card,5cf853615155,,,,,,,,,,,,,,
ORD-000184,2023-05-19T10:46:18Z,SUCCESS,25000.0,NGN,bank_transfer,460013208e3a,,,,,,,,,,,,,,
,,,,,,,,,,,,,,ORD-000547,1695961066.0,FAILED,40000.0,NGN,card,TRX957546
ORD-000613,2023-06-02T17:32:40Z,SUCCESS,9000.0,NGN,card,d3dfa3ee5660,,,,,,,,,,,,,,
,,,,,,,ORD-000763,2023/02/21 02:33:45,SUCCESS,5000.0,NGN,ussd,TX-cde8eef00db7,,,,,,,
,,,,,,,ORD-001059,2023/08/16 17:28:53,FAILED,40000.0,NGN,card,TX-24ca1fd9c168,,,,,,,
,,,,,,,ORD-000708,2023/05/16 15:40:46,SUCCESS,12000.0,NGN,card,TX-461ff1b7a4ab,,,,,,,
,,,,,,,ORD-000521,2023/08/28 09:55:13,SUCCESS,40000.0,NGN,bank_transfer,TX-d230fade767a,,,,,,,
ORD-000644,2023-07-12T16:42:39Z,SUCCESS,9000.0,NGN,bank_transfer,7be3bccf7e35,,,,,,,,,,,,,,
,,,,,,,,,,,,,,ORD-001055,1694327995.0,FAILED,5000.0,NGN,bank_transfer,TRX980694
,,,,,,,,,,,,,,ORD-000247,1686305875.0,FAILED,25000.0,NGN,card,TRX789054
,,,,,,,ORD-000886,2023/05/03 16:47:59,FAILED,5000.0,NGN,card,TX-1261f673dafa,,,,,,,
,,,,,,,ORD-000593,2023/01/22 06:10:00,SUCCESS,25000.0,NGN,ussd,TX-775f8c45cfcb,,,,,,,
,,,,,,,,,,,,,,ORD-000861,1687476095.0,SUCCESS,40000.0,NGN,card,TRX326253
,,,,,,,ORD-000866,2023/12/21 12:52:51,SUCCESS,25000.0,NGN,card,TX-6eb1d1292881,,,,,,,
,,,,,,,ORD-000091,2023/12/22 22:01:56,SUCCESS,5000.0,NGN,bank_transfer,TX-421043bae6ba,,,,,,,
ORD-000305,2023-11-19T18:01:19Z,SUCCESS,25000.0,NGN,ussd,f90307375b25,,,,,,,,,,,,,,
ORD-000079,2023-11-07T09:32:15Z,SUCCESS,18000.0,NGN,bank_transfer,14bc5fa0bb9d,,,,,,,,,,,,,,
,,,,,,,,,,,,,,ORD-001137,1676352434.0,SUCCESS,25000.0,NGN,ussd,TRX869507
,,,,,,,,,,,,,,ORD-001081,1684383334.0,SUCCESS,12000.0,NGN,ussd,TRX758202
ORD-000782,2023-06-05T10:41:28Z,SUCCESS,18000.0,NGN,ussd,ab53cb882a28,,,,,,,,,,,,,,
,,,,,,,ORD-001074,2023/01/05 16:08:30,SUCCESS,9000.0,NGN,card,TX-b6572a15a38b,,,,,,,
,,,,,,,ORD-001135,2023/09/19 10:57:15,SUCCESS,40000.0,NGN,bank_transfer,TX-adf78da3f2d1,,,,,,,
ORD-000432,2023-06-13T02:27:01Z,SUCCESS,40000.0,NGN,bank_transfer,00c7b379e852,,,,,,,,,,,,,,
,,,,,,,,,,,,,,ORD-000059,1679978442.0,FAILED,25000.0,NGN,bank_transfer,TRX897164
ORD-001167,2023-02-10T02:16:06Z,SUCCESS,25000.0,USD,bank_transfer,bb3c01f6c1b6,,,,,,,,,,,,,,
ORD-000844,2023-12-13T07:14:05Z,FAILED,25000.0,NGN,bank_transfer,a08f06f2a309,,,,,,,,,,,,,,
ORD-000891,2023-07-24T14:38:46Z,SUCCESS,5000.0,NGN,bank_transfer,f89da98c381a,,,,,,,,,,,,,,
ORD-000692,2023-12-13T21:22:16Z,FAILED,18000.0,NGN,bank_transfer,9b9032bdb244,,,,,,,,,,,,,,
ORD-000749,2023-03-22T11:30:25Z,SUCCESS,5000.0,USD,card,38d97ebb0e49,,,,,,,,,,,,,,
,,,,,,,ORD-000899,2023/08/17 13:52:54,SUCCESS,9000.0,NGN,card,TX-d5bc47435151,,,,,,,
ORD-000709,2023-05-09T15:43:14Z,SUCCESS,18000.0,NGN,card,8c36584c6eeb,,,,,,,,,,,,,,
,,,,,,,ORD-000988,2023/01/08 03:45:58,SUCCESS,40000.0,NGN,card,TX-09268610fb64,,,,,,,
,,,,,,,,,,,,,,ORD-000222,1698796426.0,FAILED,12000.0,NGN,bank_transfer,TRX674101
,,,,,,,ORD-000315,2023/11/27 22:16:38,FAILED,9000.0,NGN,bank_transfer,TX-cfd883fca641,,,,,,,
ORD-000595,2023-05-05T18:15:57Z,FAILED,12000.0,USD,card,8bab433de1ec,,,,,,,,,,,,,,
,,,,,,,,,,,,,,ORD-000065,1697508307.0,SUCCESS,25000.0,NGN,ussd,TRX983877
ORD-001016,2023-09-03T02:15:14Z,SUCCESS,9000.0,NGN,ussd,61665a70fe4c,,,,,,,,,,,,,,
ORD-000200,2023-03-25T07:47:55Z,FAILED,9000.0,NGN,bank_transfer,03f98a33263e,,,,,,,,,,,,,,
,,,,,,,ORD-000122,2023/01/12 14:46:08,SUCCESS,9000.0,NGN,bank_transfer,TX-20117b9a8439,,,,,,,
,,,,,,,ORD-000463,2023/07/10 23:08:58,SUCCESS,18000.0,NGN,ussd,TX-ba21947a426a,,,,,,,
,,,,,,,,,,,,,,ORD-001160,1686381683.0,SUCCESS,18000.0,NGN,bank_transfer,TRX260016
,,,,,,,,,,,,,,ORD-001017,1679062617.0,SUCCESS,18000.0,NGN,ussd,TRX264377
ORD-000318,2023-10-30T03:23:02Z,SUCCESS,9000.0,NGN,bank_transfer,6dd11d7ac707,,,,,,,,,,,,,,
,,,,,,,ORD-000077,2023/03/29 04:04:11,SUCCESS,18000.0,NGN,bank_transfer,TX-9643cf2fd7f1,,,,,,,
,,,,,,,ORD-000925,2023/03/13 15:13:08,SUCCESS,25000.0,NGN,ussd,TX-978e27203cd1,,,,,,,
,,,,,,,ORD-000538,2023/12/25 11:14:31,SUCCESS,25000.0,NGN,ussd,TX-e931487658d3,,,,,,,
ORD-000025,2023-01-27T23:19:06Z,SUCCESS,25000.0,NGN,bank_transfer,b7a5dc354b34,,,,,,,,,,,,,,
,,,,,,,ORD-000369,2023/08/13 21:44:25,FAILED,12000.0,NGN,ussd,TX-1bebbd608e27,,,,,,,
,,,,,,,,,,,,,,ORD-000069,1691216784.0,SUCCESS,12000.0,NGN,card,TRX247361
,,,,,,,,,,,,,,ORD-000662,1699720811.0,SUCCESS,9000.0,NGN,bank_transfer,TRX115532
,,,,,,,,,,,,,,ORD-000532,1691164694.0,FAILED,18000.0,NGN,ussd,TRX300689
ORD-000501,2023-04-02T03:36:48Z,SUCCESS,9000.0,NGN,bank_transfer,9888af66d0d8,,,,,,,,,,,,,,
,,,,,,,,,,,,,,ORD-000226,1673590384.0,SUCCESS,40000.0,NGN,bank_transfer,TRX715682
,,,,,,,ORD-000540,2023/08/23 16:19:25,SUCCESS,5000.0,NGN,ussd,TX-853d5b4f1afb,,,,,,,
ORD-000051,2023-06-26T09:27:05Z,SUCCESS,25000.0,NGN,card,a517d1acdecb,,,,,,,,,,,,,,
,,,,,,,ORD-000255,2023/11/13 08:27:40,SUCCESS,12000.0,NGN,ussd,TX-4333615ac1e5,,,,,,,
,,,,,,,,,,,,,,ORD-000775,1695232165.0,SUCCESS,18000.0,NGN,bank_transfer,TRX687411
ORD-000433,2023-01-25T14:50:33Z,SUCCESS,12000.0,NGN,card,2b62f2046242,,,,,,,,,,,,,,
,,,,,,,,,,,,,,ORD-000143,1676008935.0,FAILED,12000.0,NGN,ussd,TRX110179
,,,,,,,ORD-000701,2023/09/28 20:18:35,SUCCESS,5000.0,NGN,card,TX-e53c82d7593f,,,,,,,
ORD-000005,2023-05-02T02:21:53Z,SUCCESS,5000.0,NGN,ussd,d37a265bcd15,,,,,,,,,,,,,,
,,,,,,,ORD-000563,2023/11/10 06:43:45,SUCCESS,12000.0,NGN,bank_transfer,TX-5bc235279e6a,,,,,,,
ORD-001031,2023-07-24T11:57:39Z,FAILED,12000.0,NGN,card,139cc0ebb661,,,,,,,,,,,,,,
ORD-000725,2023-04-16T13:02:42Z,SUCCESS,9000.0,USD,card,6a3935195818,,,,,,,,,,,,,,
,,,,,,,,,,,,,,ORD-000968,1681550403.0,SUCCESS,5000.0,NGN,bank_transfer,TRX333291
ORD-000922,2023-04-11T07:15:44Z,SUCCESS,25000.0,NGN,ussd,6227036fb6f2,,,,,,,,,,,,,,
,,,,,,,ORD-000471,2023/08/25 07:14:42,FAILED,25000.0,NGN,card,TX-cfdd1022426e,,,,,,,
,,,,,,,,,,,,,,ORD-000381,1686104655.0,SUCCESS,18000.0,NGN,card,TRX117743
ORD-000874,2023-05-17T03:45:45Z,FAILED,25000.0,NGN,card,3e21cee64152,,,,,,,,,,,,,,
ORD-001002,2023-04-04T18:20:44Z,FAILED,25000.0,NGN,card,cba6ec298ed6,,,,,,,,,,,,,,
ORD-000681,2023-06-08T01:32:57Z,SUCCESS,18000.0,NGN,card,7e6945cd712a,,,,,,,,,,,,,,
,,,,,,,ORD-000592,2023/01/24 20:35:44,SUCCESS,18000.0,USD,bank_transfer,TX-257cdb3b388a,,,,,,,
,,,,,,,,,,,,,,ORD-000616,1685233935.0,SUCCESS,25000.0,NGN,ussd,TRX719647
,,,,,,,,,,,,,,ORD-000517,1674857742.0,SUCCESS,5000.0,NGN,ussd,TRX126584
ORD-000934,2023-01-02T12:37:05Z,SUCCESS,9000.0,NGN,bank_transfer,4b04fb1debdc,,,,,,,,,,,,,,
,,,,,,,,,,,,,,ORD-000642,1702980274.0,SUCCESS,5000.0,NGN,card,TRX565726
,,,,,,,ORD-000227,2023/06/21 18:59:54,FAILED,5000.0,NGN,ussd,TX-5b2dacfee49f,,,,,,,
,,,,,,,,,,,,,,ORD-000570,1673323958.0,FAILED,12000.0,NGN,card,TRX190314
ORD-000731,2023-11-26T19:11:39Z,SUCCESS,9000.0,NGN,bank_transfer,4077fb7d0ce4,,,,,,,,,,,,,,
ORD-001063,2023-09-15T17:07:29Z,SUCCESS,12000.0,USD,bank_transfer,a2f5fc81e2ba,,,,,,,,,,,,,,
,,,,,,,ORD-000332,2023/08/09 09:55:14,SUCCESS,5000.0,NGN,bank_transfer,TX-1ca0ccd8014a,,,,,,,
ORD-000480,2023-04-05T16:24:34Z,SUCCESS,40000.0,NGN,card,802227128367,,,,,,,,,,,,,,
,,,,,,,ORD-001196,2023/05/30 09:54:49,SUCCESS,18000.0,NGN,bank_transfer,TX-c55bea4cc982,,,,,,,
,,,,,,,,,,,,,,ORD-000979,1700430761.0,SUCCESS,9000.0,USD,card,TRX695512
,,,,,,,,,,,,,,ORD-000876,1703167692.0,FAILED,40000.0,NGN,ussd,TRX259631
,,,,,,,,,,,,,,ORD-000402,1699770263.0,SUCCESS,18000.0,NGN,bank_transfer,TRX999492
,,,,,,,,,,,,,,ORD-000499,1677679585.0,SUCCESS,25000.0,NGN,ussd,TRX575251
,,,,,,,,,,,,,,ORD-000535,1675156528.0,SUCCESS,9000.0,NGN,card,TRX929456
,,,,,,,,,,,,,,ORD-000987,1685634773.0,SUCCESS,12000.0,NGN,card,TRX481511
ORD-000208,2023-12-05T22:16:49Z,FAILED,9000.0,NGN,bank_transfer,f207437f23b8,,,,,,,,,,,,,,
ORD-000249,2023-02-22T21:55:07Z,SUCCESS,25000.0,NGN,bank_transfer,1a91b5366ad8,,,,,,,,,,,,,,
ORD-000385,2023-10-19T07:34:55Z,SUCCESS,25000.0,NGN,bank_transfer,3144f7c0b308,,,,,,,,,,,,,,
,,,,,,,ORD-000918,2023/02/09 11:12:26,SUCCESS,40000.0,USD,ussd,TX-6388fa7db479,,,,,,,
,,,,,,,ORD-000996,2023/11/25 22:11:35,SUCCESS,12000.0,NGN,ussd,TX-cc38605a586a,,,,,,,
,,,,,,,,,,,,,,ORD-000974,1700714506.0,SUCCESS,18000.0,NGN,ussd,TRX516843
,,,,,,,ORD-001195,2023/05/21 15:09:52,SUCCESS,40000.0,NGN,ussd,TX-b839182ea3c2,,,,,,,
,,,,,,,,,,,,,,ORD-000049,1703532695.0,FAILED,40000.0,NGN,card,TRX184100
,,,,,,,,,,,,,,ORD-000228,1698392202.0,SUCCESS,18000.0,NGN,card,TRX177384
ORD-001199,2023-03-16T18:28:35Z,SUCCESS,40000.0,USD,bank_transfer,ff1b791faa37,,,,,,,,,,,,,,
,,,,,,,ORD-001054,2023/02/24 02:30:37,SUCCESS,40000.0,NGN,card,TX-cd5ade3dc08d,,,,,,,
,,,,,,,ORD-001049,2023/09/12 10:25:37,SUCCESS,40000.0,NGN,ussd,TX-26fc9cdf2186,,,,,,,
,,,,,,,,,,,,,,ORD-001174,1674250327.0,SUCCESS,40000.0,USD,ussd,TRX959746
ORD-000830,2023-02-19T15:42:39Z,FAILED,12000.0,NGN,card,150b373c2acb,,,,,,,,,,,,,,
,,,,,,,ORD-001084,2023/07/11 18:27:30,SUCCESS,9000.0,USD,bank_transfer,TX-06b350bdeb60,,,,,,,
ORD-000846,2023-05-04T02:44:48Z,SUCCESS,9000.0,NGN,card,a2270616f67a,,,,,,,,,,,,,,
,,,,,,,,,,,,,,ORD-001087,1677101739.0,SUCCESS,5000.0,NGN,card,TRX651833
ORD-000815,2023-02-17T05:03:39Z,SUCCESS,40000.0,NGN,card,3e9560e6b212,,,,,,,,,,,,,,
,,,,,,,ORD-000458,2023/03/02 09:44:38,FAILED,40000.0,NGN,bank_transfer,TX-71ad55759376,,,,,,,
ORD-000489,2023-07-16T19:11:11Z,FAILED,5000.0,NGN,ussd,99361ecddbac,,,,,,,,,,,,,,
ORD-000948,2023-04-17T09:04:24Z,FAILED,25000.0,NGN,card,4ba5cab147d4,,,,,,,,,,,,,,
,,,,,,,,,,,,,,ORD-001171,1680185501.0,SUCCESS,25000.0,NGN,bank_transfer,TRX256431
ORD-000824,2023-12-20T23:52:57Z,FAILED,9000.0,USD,bank_transfer,91c8410d4741,,,,,,,,,,,,,,
,,,,,,,,,,,,,,ORD-000533,1700908668.0,SUCCESS,9000.0,NGN,bank_transfer,TRX295559
ORD-000849,2023-04-11T06:01:20Z,SUCCESS,9000.0,NGN,ussd,d956a787dc1b,,,,,,,,,,,,,,
,,,,,,,,,,,,,,ORD-000880,1697014057.0,SUCCESS,5000.0,NGN,ussd,TRX177998
,,,,,,,ORD-000456,2023/01/18 23:50:49,SUCCESS,25000.0,NGN,card,TX-e2db263847d3,,,,,,,
ORD-001344,2023-07-05T23:41:51Z,FAILED,12000.0,NGN,bank_transfer,fe8b3ff213cd,,,,,,,,,,,,,,
,,,,,,,,,,,,,,ORD-000115,1703060575.0,SUCCESS,25000.0,NGN,card,TRX602172
,,,,,,,ORD-000107,2023/12/25 04:24:22,SUCCESS,5000.0,NGN,card,TX-12193cbafcd3,,,,,,,
ORD-000546,2023-04-02T09:54:21Z,SUCCESS,40000.0,NGN,card,11fc9cfee509,,,,,,,,,,,,,,
,,,,,,,,,,,,,,ORD-000810,1673285749.0,FAILED,12000.0,NGN,card,TRX175980
,,,,,,,ORD-000014,2023/08/30 18:00:56,SUCCESS,25000.0,NGN,ussd,TX-57df64beab6d,,,,,,,
,,,,,,,ORD-000960,2023/10/08 04:43:03,SUCCESS,12000.0,NGN,ussd,TX-aa06ed110031,,,,,,,
ORD-001186,2023-10-24T13:38:55Z,SUCCESS,9000.0,USD,ussd,13deb3de5376,,,,,,,,,,,,,,
ORD-000925,2023-09-22T22:28:05Z,FAILED,9000.0,NGN,card,1a8ec1f02f59,,,,,,,,,,,,,,
,,,,,,,ORD-000934,2023/03/26 19:48:11,SUCCESS,12000.0,NGN,bank_transfer,TX-d9407786ae00,,,,,,,
ORD-000949,2023-02-10T10:01:48Z,FAILED,12000.0,USD,bank_transfer,2c816ff60bbb,,,,,,,,,,,,,,
,,,,,,,ORD-000329,2023/03/22 18:38:50,FAILED,12000.0,NGN,card,TX-374fc546e84e,,,,,,,
,,,,,,,ORD-000511,2023/10/16 14:20:15,SUCCESS,9000.0,NGN,ussd,TX-76508c7aa284,,,,,,,
,,,,,,,ORD-001145,2023/07/18 13:26:27,SUCCESS,5000.0,NGN,card,TX-5eb0c3c7d633,,,,,,,
,,,,,,,,,,,,,,ORD-001069,1679333448.0,FAILED,40000.0,NGN,ussd,TRX547489
,,,,,,,,,,,,,,ORD-000596,1684239539.0,FAILED,5000.0,NGN,card,TRX167164
,,,,,,,,,,,,,,ORD-000047,1682427296.0,FAILED,40000.0,NGN,bank_transfer,TRX172723
ORD-000329,2023-08-27T02:14:42Z,SUCCESS,12000.0,NGN,card,5bcf71cb4b55,,,,,,,,,,,,,,
ORD-000671,2023-05-09T22:37:19Z,FAILED,12000.0,NGN,ussd,64e030a54ee5,,,,,,,,,,,,,,
,,,,,,,,,,,,,,ORD-000067,1676384035.0,SUCCESS,12000.0,NGN,ussd,TRX844494
,,,,,,,ORD-000880,2023/03/22 18:37:07,SUCCESS,5000.0,NGN,card,TX-2b7d98924c77,,,,,,,
,,,,,,,ORD-000276,2023/04/04 10:48:26,SUCCESS,25000.0,NGN,card,TX-98b93d936259,,,,,,,
,,,,,,,,,,,,,,ORD-000390,1681648494.0,SUCCESS,18000.0,NGN,ussd,TRX446967
,,,,,,,ORD-001177,2023/06/18 20:03:40,SUCCESS,25000.0,NGN,card,TX-08e9653d823c,,,,,,,
ORD-000230,2023-10-03T12:41:08Z,SUCCESS,18000.0,NGN,card,f40cd62f0898,,,,,,,,,,,,,,
ORD-001144,2023-10-10T07:02:35Z,SUCCESS,5000.0,NGN,card,fb38911bf6c1,,,,,,,,,,,,,,
ORD-000571,2023-01-25T23:06:38Z,SUCCESS,18000.0,NGN,bank_transfer,408fe9841a0c,,,,,,,,,,,,,,
,,,,,,,ORD-000951,2023/01/12 21:28:12,SUCCESS,40000.0,NGN,bank_transfer,TX-14f4e86d5bb0,,,,,,,
,,,,,,,ORD-000057,2023/05/08 20:20:46,SUCCESS,12000.0,NGN,card,TX-4cd44a56c1a3,,,,,,,
,,,,,,,,,,,,,,ORD-000846,1678233990.0,SUCCESS,5000.0,NGN,ussd,TRX224796
,,,,,,,ORD-000651,2023/09/12 01:33:26,SUCCESS,40000.0,NGN,bank_transfer,TX-018325839f5b,,,,,,,
,,,,,,,ORD-000400,2023/05/09 02:51:19,SUCCESS,9000.0,NGN,ussd,TX-39c4d6f8b3bb,,,,,,,
,,,,,,,ORD-000334,2023/09/14 13:47:14,SUCCESS,12000.0,USD,ussd,TX-e2bbe578e009,,,,,,,
,,,,,,,ORD-001123,2023/06/27 02:29:57,SUCCESS,12000.0,NGN,ussd,TX-b3d54aafd855,,,,,,,
,,,,,,,,,,,,,,ORD-000118,1701080427.0,SUCCESS,9000.0,USD,bank_transfer,TRX456371
,,,,,,,,,,,,,,ORD-000407,1684749456.0,FAILED,12000.0,NGN,card,TRX914002
ORD-000665,2023-07-16T17:19:01Z,SUCCESS,40000.0,NGN,card,2aea9261f233,,,,,,,,,,,,,,
,,,,,,,ORD-001103,2023/06/06 01:39:43,FAILED,12000.0,USD,card,TX-44f46ba1e1ee,,,,,,,
,,,,,,,ORD-000039,2023/01/08 17:13:15,SUCCESS,25000.0,NGN,bank_transfer,TX-bf5f42a0635f,,,,,,,
,,,,,,,ORD-001040,2023/10/02 10:54:32,SUCCESS,25000.0,NGN,bank_transfer,TX-cf0f9838d315,,,,,,,
,,,,,,,ORD-000634,2023/03/11 03:55:38,SUCCESS,40000.0,NGN,card,TX-8e9d4292d515,,,,,,,
,,,,,,,,,,,,,,ORD-000605,1697054033.0,SUCCESS,40000.0,NGN,card,TRX931994
ORD-000834,2023-05-05T17:34:10Z,SUCCESS,5000.0,NGN,ussd,9d78ae14cb04,,,,,,,,,,,,,,
ORD-000386,2023-08-19T01:42:02Z,SUCCESS,12000.0,NGN,card,872e2c4d2af7,,,,,,,,,,,,,,
ORD-000958,2023-02-25T10:57:19Z,SUCCESS,40000.0,NGN,bank_transfer,e09dfc37c230,,,,,,,,,,,,,,
,,,,,,,ORD-000797,2023/08/02 09:38:21,SUCCESS,25000.0,USD,bank_transfer,TX-a5fa1d4225e4,,,,,,,
,,,,,,,ORD-000080,2023/12/08 01:21:58,SUCCESS,9000.0,NGN,card,TX-2c098825b7e2,,,,,,,
,,,,,,,,,,,,,,ORD-001069,1698598035.0,SUCCESS,9000.0,USD,card,TRX385521
,,,,,,,ORD-000145,2023/09/18 19:56:34,SUCCESS,25000.0,USD,ussd,TX-edf5b7497de3,,,,,,,
,,,,,,,ORD-000466,2023/09/24 17:59:27,SUCCESS,5000.0,NGN,bank_transfer,TX-166ecea4e10c,,,,,,,
,,,,,,,,,,,,,,ORD-000505,1700619666.0,SUCCESS,25000.0,NGN,ussd,TRX232797
,,,,,,,,,,,,,,ORD-000673,1685749877.0,SUCCESS,40000.0,NGN,card,TRX609345
,,,,,,,,,,,,,,ORD-001064,1684368057.0,SUCCESS,40000.0,NGN,card,TRX773928
,,,,,,,,,,,,,,ORD-001149,1689714485.0,SUCCESS,12000.0,NGN,ussd,TRX913634
ORD-001179,2023-06-03T18:17:42Z,SUCCESS,25000.0,NGN,card,f8b23ab7b5a8,,,,,,,,,,,,,,
ORD-001202,2023-04-03T02:58:31Z,SUCCESS,25000.0,NGN,bank_transfer,9fb5e1402351,,,,,,,,,,,,,,
ORD-000609,2023-05-02T09:57:00Z,SUCCESS,12000.0,NGN,ussd,6657906dbdc1,,,,,,,,,,,,,,
ORD-000089,2023-06-06T12:09:27Z,SUCCESS,9000.0,NGN,card,ad67e2c5c8a3,,,,,,,,,,,,,,
ORD-000704,2023-09-12T01:30:46Z,FAILED,25000.0,NGN,bank_transfer,ae3d2e3777dc,,,,,,,,,,,,,,
,,,,,,,ORD-000801,2023/12/30 18:30:57,SUCCESS,25000.0,NGN,bank_transfer,TX-074921392b1c,,,,,,,
,,,,,,,ORD-001056,2023/12/24 15:25:29,SUCCESS,40000.0,USD,bank_transfer,TX-288a335d9084,,,,,,,
,,,,,,,,,,,,,,ORD-001163,1674349520.0,SUCCESS,25000.0,NGN,ussd,TRX550041
ORD-000644,2023-07-17T01:09:13Z,SUCCESS,18000.0,NGN,ussd,f8c4364159c4,,,,,,,,,,,,,,
,,,,,,,ORD-001131,2023/05/27 23:05:56,SUCCESS,9000.0,USD,bank_transfer,TX-09c4244e1e77,,,,,,,
ORD-000080,2023-11-23T14:45:55Z,SUCCESS,18000.0,NGN,card,c1e2016da62e,,,,,,,,,,,,,,
,,,,,,,,,,,,,,ORD-000201,1700723545.0,SUCCESS,40000.0,NGN,bank_transfer,TRX767755
,,,,,,,,,,,,,,ORD-000648,1673388200.0,SUCCESS,25000.0,NGN,card,TRX328497
,,,,,,,ORD-000321,2023/03/16 01:53:39,FAILED,12000.0,NGN,ussd,TX-62bb6e99589c,,,,,,,
ORD-001249,2023-08-14T21:18:15Z,SUCCESS,25000.0,NGN,bank_transfer,c4b3c2f6650f,,,,,,,,,,,,,,
,,,,,,,,,,,,,,ORD-000089,1678815510.0,FAILED,40000.0,USD,card,TRX940079
,,,,,,,ORD-000401,2023/06/28 02:28:07,FAILED,12000.0,NGN,ussd,TX-af13303fba98,,,,,,,
,,,,,,,,,,,,,,ORD-000584,1687647146.0,FAILED,9000.0,NGN,ussd,TRX246437
ORD-000504,2023-07-07T05:13:52Z,SUCCESS,25000.0,NGN,bank_transfer,fde6536434a2,,,,,,,,,,,,,,
,,,,,,,,,,,,,,ORD-000069,1680685787.0,SUCCESS,40000.0,NGN,bank_transfer,TRX573415
,,,,,,,ORD-000086,2023/01/15 06:30:53,FAILED,5000.0,NGN,card,TX-9f16f63d96e4,,,,,,,
ORD-000634,2023-12-30T21:38:20Z,SUCCESS,18000.0,NGN,bank_transfer,4b17a1761b73,,,,,,,,,,,,,,
,,,,,,,ORD-000228,2023/02/11 20:31:20,SUCCESS,25000.0,USD,card,TX-eb6a48c51ddc,,,,,,,
ORD-000303,2023-09-20T22:06:17Z,SUCCESS,12000.0,NGN,card,13820e684ac7,,,,,,,,,,,,,,
ORD-001389,2023-02-10T03:27:33Z,SUCCESS,25000.0,NGN,card,3582d398206b,,,,,,,,,,,,,,
ORD-000055,2023-05-30T23:40:32Z,SUCCESS,12000.0,NGN,bank_transfer,02b05bf25d39,,,,,,,,,,,,,,
ORD-000009,2023-05-25T01:46:08Z,SUCCESS,5000.0,NGN,bank_transfer,934d5956bb7c,,,,,,,,,,,,,,
,,,,,,,ORD-000836,2023/10/02 01:32:00,SUCCESS,18000.0,NGN,card,TX-43dac364ef20,,,,,,,
,,,,,,,ORD-000639,2023/04/01 03:12:21,SUCCESS,9000.0,NGN,bank_transfer,TX-cc5397e6e48b,,,,,,,
ORD-000127,2023-09-21T10:54:20Z,SUCCESS,9000.0,NGN,card,a12aafc9770b,,,,,,,,,,,,,,
ORD-000501,2023-08-08T15:26:56Z,SUCCESS,9000.0,USD,ussd,9f8bb1beb639,,,,,,,,,,,,,,
,,,,,,,,,,,,,,ORD-000869,1673114107.0,FAILED,5000.0,NGN,ussd,TRX691641
,,,,,,,,,,,,,,ORD-000691,1673315158.0,SUCCESS,5000.0,NGN,bank_transfer,TRX552634
,,,,,,,ORD-000947,2023/12/23 09:27:43,SUCCESS,9000.0,NGN,bank_transfer,TX-1fcc64d700c2,,,,,,,
,,,,,,,,,,,,,,ORD-000425,1700996881.0,FAILED,18000.0,NGN,bank_transfer,TRX557623
,,,,,,,ORD-000336,2023/05/29 12:09:24,FAILED,9000.0,NGN,card,TX-e052e3b8f16c,,,,,,,
,,,,,,,,,,,,,,ORD-000474,1697183363.0,SUCCESS,9000.0,NGN,card,TRX706067
,,,,,,,ORD-000301,2023/01/01 22:47:02,SUCCESS,5000.0,NGN,card,TX-42a01c38ea73,,,,,,,
,,,,,,,ORD-000856,2023/12/03 06:41:56,FAILED,9000.0,NGN,ussd,TX-9c3e1b646325,,,,,,,
ORD-000949,2023-10-18T17:26:09Z,SUCCESS,12000.0,NGN,bank_transfer,d3ebb1955678,,,,,,,,,,,,,,
ORD-001147,2023-07-10T16:24:36Z,SUCCESS,9000.0,USD,ussd,17f2007c9d9f,,,,,,,,,,,,,,
,,,,,,,ORD-000298,2023/06/05 10:24:28,FAILED,25000.0,NGN,card,TX-f1b22c1df449,,,,,,,
,,,,,,,ORD-000053,2023/03/07 00:23:02,SUCCESS,12000.0,NGN,ussd,TX-3405b03e5b2c,,,,,,,
ORD-000859,2023-07-15T10:48:39Z,SUCCESS,12000.0,NGN,card,65e817e8f138,,,,,,,,,,,,,,
,,,,,,,,,,,,,,ORD-000027,1686521920.0,SUCCESS,12000.0,NGN,card,TRX561332
ORD-000527,2023-03-10T16:40:43Z,SUCCESS,18000.0,NGN,card,edf18363b651,,,,,,,,,,,,,,
ORD-000962,2023-08-01T14:39:00Z,SUCCESS,5000.0,NGN,bank_transfer,f0ebd0399162,,,,,,,,,,,,,,
ORD-000559,2023-05-04T12:43:27Z,SUCCESS,5000.0,NGN,bank_transfer,4f787e5d3cd2,,,,,,,,,,,,,,
,,,,,,,ORD-000177,2023/12/18 10:06:37,SUCCESS,9000.0,NGN,ussd,TX-0b81d6acec88,,,,,,,
ORD-000318,2023-07-22T21:36:42Z,FAILED,9000.0,NGN,ussd,e45380a8c892,,,,,,,,,,,,,,
,,,,,,,,,,,,,,ORD-000146,1694136938.0,SUCCESS,5000.0,NGN,bank_transfer,TRX101373
,,,,,,,ORD-001010,2023/09/08 16:15:05,SUCCESS,18000.0,NGN,bank_transfer,TX-2fc76a23a4fd,,,,,,,
,,,,,,,,,,,,,,ORD-000815,1689822169.0,FAILED,40000.0,NGN,card,TRX520918
,,,,,,,,,,,,,,ORD-000967,1700653629.0,SUCCESS,25000.0,NGN,card,TRX649135
,,,,,,,ORD-000253,2023/10/23 12:44:58,SUCCESS,40000.0,NGN,bank_transfer,TX-899aa73fd9c5,,,,,,,
,,,,,,,,,,,,,,ORD-000765,1695538565.0,SUCCESS,5000.0,NGN,bank_transfer,TRX704819
,,,,,,,,,,,,,,ORD-001140,1681312100.0,SUCCESS,40000.0,NGN,ussd,TRX224256
,,,,,,,,,,,,,,ORD-001054,1695521185.0,SUCCESS,5000.0,NGN,card,TRX602832
,,,,,,,,,,,,,,ORD-000212,1674370455.0,SUCCESS,9000.0,NGN,bank_transfer,TRX335861
,,,,,,,,,,,,,,ORD-001123,1685046670.0,SUCCESS,40000.0,NGN,ussd,TRX259033
ORD-000602,2023-02-02T07:49:46Z,SUCCESS,5000.0,USD,bank_transfer,5ee953f7d5c8,,,,,,,,,,,,,,
,,,,,,,ORD-001169,2023/01/20 21:36:24,SUCCESS,18000.0,NGN,card,TX-35a46b4741bb,,,,,,,
,,,,,,,ORD-000742,2023/10/10 03:35:23,FAILED,12000.0,NGN,bank_transfer,TX-30d7a83a61c3,,,,,,,
ORD-001158,2023-03-05T11:40:20Z,SUCCESS,40000.0,NGN,ussd,11ace659d974,,,,,,,,,,,,,,
,,,,,,,ORD-000068,2023/01/05 15:25:49,SUCCESS,18000.0,NGN,card,TX-46112fe95a18,,,,,,,
ORD-000970,2023-09-09T19:43:59Z,SUCCESS,12000.0,NGN,ussd,d573ca418f0b,,,,,,,,,,,,,,
ORD-000865,2023-08-20T01:49:48Z,SUCCESS,12000.0,NGN,bank_transfer,99014f02a52e,,,,,,,,,,,,,,
ORD-000343,2023-02-28T18:39:53Z,SUCCESS,40000.0,NGN,ussd,fc3710a7cda5,,,,,,,,,,,,,,
,,,,,,,ORD-000340,2023/04/20 05:43:32,FAILED,40000.0,NGN,bank_transfer,TX-7e34a5519840,,,,,,,
,,,,,,,ORD-000598,2023/11/05 02:30:47,SUCCESS,9000.0,NGN,bank_transfer,TX-b4d087b59391,,,,,,,
ORD-000471,2023-11-03T13:52:42Z,SUCCESS,40000.0,NGN,bank_transfer,96beb43851d8,,,,,,,,,,,,,,
,,,,,,,,,,,,,,ORD-000777,1676397082.0,SUCCESS,5000.0,NGN,bank_transfer,TRX978164
ORD-000704,2023-10-25T19:17:49Z,FAILED,40000.0,NGN,bank_transfer,31d7e1dc4ff1,,,,,,,,,,,,,,
,,,,,,,,,,,,,,ORD-000744,1682539636.0,SUCCESS,5000.0,NGN,bank_transfer,TRX388392
,,,,,,,,,,,,,,ORD-000072,1674487828.0,FAILED,9000.0,NGN,bank_transfer,TRX397000
ORD-000729,2023-04-10T05:21:22Z,SUCCESS,25000.0,NGN,card,4cdecaac721a,,,,,,,,,,,,,,
,,,,,,,ORD-000429,2023/04/11 08:48:28,SUCCESS,18000.0,NGN,card,TX-66d958778d38,,,,,,,
,,,,,,,ORD-000224,2023/12/17 01:18:16,FAILED,40000.0,USD,ussd,TX-2789e4847eb5,,,,,,,
,,,,,,,,,,,,,,ORD-000146,1680929381.0,SUCCESS,25000.0,USD,bank_transfer,TRX680809
,,,,,,,,,,,,,,ORD-000659,1679992782.0,SUCCESS,25000.0,NGN,card,TRX532065
,,,,,,,ORD-000430,2023/11/14 23:09:22,SUCCESS,40000.0,NGN,ussd,TX-244601fd13ea,,,,,,,
,,,,,,,ORD-001090,2023/12/07 19:40:46,SUCCESS,18000.0,NGN,card,TX-1d6dfa84183f,,,,,,,
,,,,,,,,,,,,,,ORD-000709,1689152055.0,SUCCESS,12000.0,NGN,card,TRX410909
,,,,,,,,,,,,,,ORD-000336,1689880238.0,SUCCESS,25000.0,USD,bank_transfer,TRX206928
,,,,,,,ORD-000289,2023/11/28 14:36:00,SUCCESS,40000.0,NGN,bank_transfer,TX-283abc7440cb,,,,,,,
ORD-001106,2023-06-23T13:00:14Z,SUCCESS,25000.0,NGN,card,10b1f6e33360,,,,,,,,,,,,,,
,,,,,,,ORD-000934,2023/07/07 02:30:19,SUCCESS,9000.0,NGN,bank_transfer,TX-87340d0cbbe1,,,,,,,
,,,,,,,ORD-000881,2023/06/27 20:58:25,FAILED,12000.0,NGN,bank_transfer,TX-c27958a1f811,,,,,,,
,,,,,,,,,,,,,,ORD-000296,1700454518.0,SUCCESS,18000.0,NGN,bank_transfer,TRX749774
,,,,,,,,,,,,,,ORD-001062,1693289962.0,SUCCESS,18000.0,NGN,ussd,TRX446704
,,,,,,,,,,,,,,ORD-000675,1681187653.0,SUCCESS,9000.0,USD,bank_transfer,TRX391121
,,,,,,,ORD-001357,2023/10/08 09:56:05,SUCCESS,18000.0,USD,ussd,TX-997be95cf813,,,,,,,
,,,,,,,,,,,,,,ORD-000007,1683546893.0,SUCCESS,18000.0,NGN,bank_transfer,TRX449040
,,,,,,,,,,,,,,ORD-000132,1692040647.0,FAILED,25000.0,USD,bank_transfer,TRX732092
ORD-001240,2023-11-23T19:14:48Z,SUCCESS,18000.0,NGN,bank_transfer,4cd69a1bf108,,,,,,,,,,,,,,
,,,,,,,,,,,,,,ORD-000865,1698982956.0,SUCCESS,5000.0,NGN,bank_transfer,TRX477635
,,,,,,,ORD-000824,2023/10/01 21:24:56,FAILED,5000.0,NGN,card,TX-56059ebb3593,,,,,,,
,,,,,,,ORD-000954,2023/09/13 05:50:08,SUCCESS,5000.0,NGN,ussd,TX-131c49b9209e,,,,,,,
,,,,,,,ORD-000476,2023/05/28 02:22:03,FAILED,40000.0,NGN,ussd,TX-18ba6b966915,,,,,,,
,,,,,,,ORD-000495,2023/01/21 12:40:04,FAILED,9000.0,USD,bank_transfer,TX-8b6cd37e323a,,,,,,,
,,,,,,,ORD-001008,2023/07/28 12:13:50,SUCCESS,12000.0,NGN,ussd,TX-e4620aca0867,,,,,,,
ORD-000722,2023-03-15T00:46:52Z,SUCCESS,5000.0,NGN,card,4a4c05ff75f4,,,,,,,,,,,,,,
ORD-000030,2023-07-31T11:23:41Z,SUCCESS,25000.0,USD,ussd,a06ea12accc8,,,,,,,,,,,,,,
ORD-000098,2023-06-11T15:13:54Z,FAILED,12000.0,USD,ussd,cad35e4655ba,,,,,,,,,,,,,,
ORD-001046,2023-07-19T11:05:37Z,SUCCESS,12000.0,NGN,card,e5a778c13094,,,,,,,,,,,,,,
,,,,,,,ORD-000608,2023/07/23 01:38:40,SUCCESS,25000.0,NGN,card,TX-f440e9141097,,,,,,,
ORD-000361,2023-02-24T04:19:33Z,FAILED,25000.0,USD,card,c362137723b1,,,,,,,,,,,,,,
ORD-000781,2023-08-15T19:16:17Z,FAILED,25000.0,NGN,bank_transfer,8a10db42a33c,,,,,,,,,,,,,,
ORD-001078,2023-03-10T04:44:22Z,SUCCESS,25000.0,USD,card,0bb5e9f01646,,,,,,,,,,,,,,
,,,,,,,ORD-000920,2023/05/08 12:20:14,FAILED,9000.0,NGN,card,TX-b16118bafeef,,,,,,,
,,,,,,,,,,,,,,ORD-000344,1690663814.0,SUCCESS,40000.0,NGN,bank_transfer,TRX891292
,,,,,,,,,,,,,,ORD-000430,1677877832.0,SUCCESS,18000.0,NGN,card,TRX648357
,,,,,,,ORD-000601,2023/11/02 21:24:42,SUCCESS,18000.0,NGN,ussd,TX-4bf836a3bad7,,,,,,,
,,,,,,,,,,,,,,ORD-001110,1694791286.0,SUCCESS,25000.0,NGN,card,TRX585247
,,,,,,,,,,,,,,ORD-000060,1680691669.0,FAILED,18000.0,USD,ussd,TRX570638
ORD-000551,2023-02-01T01:35:38Z,SUCCESS,40000.0,NGN,card,80564a826614,,,,,,,,,,,,,,
ORD-000455,2023-09-05T16:02:39Z,SUCCESS,18000.0,NGN,ussd,c04d1df237f3,,,,,,,,,,,,,,
,,,,,,,ORD-000871,2023/03/16 21:45:05,SUCCESS,18000.0,NGN,card,TX-2d498058e2fd,,,,,,,
,,,,,,,ORD-000075,2023/04/09 21:52:42,SUCCESS,40000.0,NGN,bank_transfer,TX-3e3769f67f2f,,,,,,,
,,,,,,,ORD-000448,2023/02/18 20:47:37,SUCCESS,40000.0,NGN,card,TX-24af2699999d,,,,,,,
,,,,,,,,,,,,,,ORD-000349,1684087041.0,SUCCESS,5000.0,USD,bank_transfer,TRX427336
,,,,,,,ORD-000522,2023/10/24 10:29:31,SUCCESS,12000.0,NGN,card,TX-9db4b53c260d,,,,,,,
,,,,,,,,,,,,,,ORD-000841,1692785701.0,SUCCESS,25000.0,NGN,ussd,TRX934418
,,,,,,,,,,,,,,ORD-000939,1673829002.0,SUCCESS,25000.0,NGN,card,TRX663543
ORD-000142,2023-11-03T07:21:22Z,SUCCESS,12000.0,NGN,ussd,1627e624851c,,,,,,,,,,,,,,
,,,,,,,ORD-000943,2023/07/24 21:59:35,SUCCESS,5000.0,NGN,bank_transfer,TX-395ce03c5793,,,,,,,
,,,,,,,,,,,,,,ORD-000571,1695053042.0,SUCCESS,18000.0,NGN,bank_transfer,TRX623722
,,,,,,,ORD-000425,2023/10/04 09:17:47,FAILED,9000.0,USD,card,TX-53bdff6c329d,,,,,,,
ORD-000677,2023-07-27T15:23:00Z,SUCCESS,5000.0,NGN,ussd,9bab031c5847,,,,,,,,,,,,,,
,,,,,,,ORD-000867,2023/04/03 21:03:26,SUCCESS,25000.0,USD,bank_transfer,TX-93b3ecaaba90,,,,,,,
,,,,,,,ORD-000572,2023/06/13 18:57:21,SUCCESS,40000.0,NGN,bank_transfer,TX-58657a796817,,,,,,,
,,,,,,,ORD-000662,2023/01/23 23:22:56,FAILED,9000.0,NGN,ussd,TX-0f65975d6fe8,,,,,,,
,,,,,,,,,,,,,,ORD-000060,1676468082.0,FAILED,18000.0,NGN,ussd,TRX250765
ORD-000508,2023-06-14T18:44:50Z,SUCCESS,25000.0,NGN,card,e779b395e38d,,,,,,,,,,,,,,
,,,,,,,ORD-000156,2023/07/30 00:58:35,SUCCESS,9000.0,NGN,card,TX-116fb5eaf09d,,,,,,,
,,,,,,,ORD-000574,2023/05/07 15:15:41,SUCCESS,40000.0,NGN,card,TX-765235f91054,,,,,,,
,,,,,,,,,,,,,,ORD-000340,1698265657.0,SUCCESS,12000.0,USD,bank_transfer,TRX737694
ORD-000754,2023-09-28T14:59:49Z,SUCCESS,12000.0,USD,ussd,e1cce8222fc5,,,,,,,,,,,,,,
,,,,,,,,,,,,,,ORD-000698,1684049084.0,SUCCESS,5000.0,USD,bank_transfer,TRX459245
,,,,,,,,,,,,,,ORD-000492,1693643437.0,SUCCESS,5000.0,NGN,ussd,TRX564634
ORD-001053,2023-12-06T22:40:58Z,SUCCESS,25000.0,USD,bank_transfer,20bd2dd751ea,,,,,,,,,,,,,,
,,,,,,,ORD-000707,2023/09/25 20:16:20,SUCCESS,12000.0,NGN,ussd,TX-1e9a016f7957,,,,,,,
ORD-000127,2023-12-14T06:44:06Z,SUCCESS,25000.0,NGN,ussd,729f24a914d2,,,,,,,,,,,,,,
ORD-000153,2023-09-10T11:28:36Z,SUCCESS,40000.0,NGN,card,7d42cd14c6ff,,,,,,,,,,,,,,
ORD-000614,2023-07-10T20:25:21Z,SUCCESS,5000.0,NGN,bank_transfer,68eb741dbc03,,,,,,,,,,,,,,
,,,,,,,,,,,,,,ORD-000083,1677078035.0,SUCCESS,12000.0,NGN,bank_transfer,TRX585731
,,,,,,,,,,,,,,ORD-001051,1698522805.0,SUCCESS,9000.0,USD,bank_transfer,TRX962489
,,,,,,,ORD-000496,2023/10/08 23:27:58,SUCCESS,12000.0,NGN,card,TX-608ba25bfff6,,,,,,,
,,,,,,,ORD-000586,2023/10/14 03:19:49,SUCCESS,18000.0,NGN,ussd,TX-df52b750c755,,,,,,,
,,,,,,,,,,,,,,ORD-000046,1680937071.0,FAILED,25000.0,NGN,ussd,TRX140669
ORD-000338,2023-07-05T17:06:08Z,SUCCESS,40000.0,NGN,ussd,0500b0cbf244,,,,,,,,,,,,,,
,,,,,,,,,,,,,,ORD-001323,1703169690.0,SUCCESS,40000.0,NGN,card,TRX348163
ORD-000666,2023-06-07T22:07:30Z,FAILED,5000.0,USD,ussd,f034241ed3b4,,,,,,,,,,,,,,
,,,,,,,ORD-000234,2023/11/07 15:45:34,SUCCESS,12000.0,USD,ussd,TX-2202d6c46141,,,,,,,
ORD-000752,2023-01-27T15:55:58Z,FAILED,25000.0,NGN,ussd,e8d4f16dd0c5,,,,,,,,,,,,,,
ORD-000361,2023-06-16T00:45:56Z,SUCCESS,9000.0,NGN,card,3917321943d7,,,,,,,,,,,,,,
,,,,,,,ORD-000264,2023/10/26 06:18:33,FAILED,25000.0,NGN,card,TX-3d42d42de58f,,,,,,,
,,,,,,,,,,,,,,ORD-000418,1675335780.0,SUCCESS,25000.0,NGN,card,TRX420146
,,,,,,,,,,,,,,ORD-000334,1690168835.0,SUCCESS,40000.0,NGN,card,TRX653954
ORD-001185,2023-09-21T02:04:41Z,SUCCESS,5000.0,NGN,bank_transfer,a9d8f30f2bd8,,,,,,,,,,,,,,
,,,,,,,,,,,,,,ORD-000221,1691848978.0,SUCCESS,5000.0,NGN,card,TRX803281
ORD-000658,2023-08-07T02:22:42Z,SUCCESS,18000.0,NGN,ussd,24bdb5bda823,,,,,,,,,,,,,,
ORD-000479,2023-12-09T03:31:45Z,SUCCESS,12000.0,NGN,bank_transfer,c1b4421348eb,,,,,,,,,,,,,,
ORD-000142,2023-02-03T00:58:01Z,FAILED,25000.0,NGN,ussd,053648eb1aee,,,,,,,,,,,,,,
,,,,,,,,,,,,,,ORD-000189,1676395043.0,SUCCESS,12000.0,NGN,bank_transfer,TRX952639
,,,,,,,ORD-000230,2023/10/08 11:10:37,FAILED,9000.0,NGN,card,TX-3631936f2c38,,,,,,,
,,,,,,,,,,,,,,ORD-000540,1684875199.0,SUCCESS,25000.0,NGN,bank_transfer,TRX597810
,,,,,,,ORD-000707,2023/11/17 22:23:08,SUCCESS,40000.0,NGN,bank_transfer,TX-ee60f49fa6ac,,,,,,,
,,,,,,,ORD-000941,2023/03/29 19:20:44,FAILED,9000.0,NGN,bank_transfer,TX-1522c254a307,,,,,,,
,,,,,,,ORD-000054,2023/09/15 03:33:51,SUCCESS,5000.0,NGN,ussd,TX-20f06ea27f43,,,,,,,
ORD-000113,2023-10-27T05:58:59Z,SUCCESS,5000.0,USD,bank_transfer,57afb0e725c3,,,,,,,,,,,,,,
,,,,,,,,,,,,,,ORD-001175,1685252211.0,SUCCESS,18000.0,NGN,card,TRX584082
,,,,,,,,,,,,,,ORD-001289,1692916707.0,SUCCESS,18000.0,NGN,ussd,TRX516508
,,,,,,,,,,,,,,ORD-000503,1677125634.0,SUCCESS,18000.0,NGN,card,TRX162144
,,,,,,,,,,,,,,ORD-001228,1695388051.0,SUCCESS,25000.0,NGN,card,TRX619545
ORD-000135,2023-09-12T18:01:51Z,FAILED,9000.0,NGN,bank_transfer,c6713a11b497,,,,,,,,,,,,,,
,,,,,,,ORD-000442,2023/11/07 07:58:43,SUCCESS,18000.0,USD,bank_transfer,TX-d0ca8ea93f86,,,,,,,
,,,,,,,,,,,,,,ORD-001110,1690185285.0,SUCCESS,9000.0,NGN,ussd,TRX355229
,,,,,,,,,,,,,,ORD-000011,1689069760.0,FAILED,12000.0,NGN,ussd,TRX668054
,,,,,,,,,,,,,,ORD-000290,1685074982.0,SUCCESS,12000.0,NGN,bank_transfer,TRX431732
,,,,,,,ORD-000231,2023/08/29 20:44:24,SUCCESS,5000.0,USD,ussd,TX-5b8ce5e55b7b,,,,,,,
,,,,,,,,,,,,,,ORD-000637,1701452817.0,FAILED,25000.0,NGN,card,TRX688034
,,,,,,,,,,,,,,ORD-001122,1688940628.0,FAILED,9000.0,NGN,ussd,TRX252431
,,,,,,,ORD-001090,2023/01/13 15:18:33,SUCCESS,18000.0,NGN,card,TX-c0b3dcd65378,,,,,,,
ORD-000638,2023-06-13T12:51:30Z,SUCCESS,40000.0,NGN,bank_transfer,ab4d53c4c2ee,,,,,,,,,,,,,,
,,,,,,,ORD-000545,2023/06/02 14:02:42,FAILED,18000.0,NGN,card,TX-c696a69fc473,,,,,,,
ORD-000937,2023-05-15T01:33:51Z,SUCCESS,18000.0,NGN,ussd,56c2f6e562ee,,,,,,,,,,,,,,
ORD-000533,2023-07-19T09:06:01Z,SUCCESS,40000.0,NGN,ussd,fb29df7f7b2a,,,,,,,,,,,,,,
,,,,,,,ORD-000519,2023/05/24 15:27:06,SUCCESS,12000.0,NGN,ussd,TX-02771e962322,,,,,,,
,,,,,,,ORD-000777,2023/01/29 05:32:07,SUCCESS,12000.0,NGN,bank_transfer,TX-db9436e549ef,,,,,,,
,,,,,,,ORD-000064,2023/12/07 18:25:57,SUCCESS,9000.0,NGN,card,TX-da7962e4e80b,,,,,,,
ORD-000046,2023-05-13T16:49:45Z,SUCCESS,12000.0,NGN,ussd,5765d9ea5646,,,,,,,,,,,,,,
,,,,,,,,,,,,,,ORD-000360,1685893800.0,SUCCESS,12000.0,NGN,card,TRX990548
ORD-000475,2023-06-25T13:39:47Z,FAILED,9000.0,NGN,bank_transfer,383a6bdc3cf8,,,,,,,,,,,,,,
,,,,,,,,,,,,,,ORD-000559,1695549057.0,SUCCESS,12000.0,NGN,bank_transfer,TRX807334
,,,,,,,ORD-000869,2023/01/04 10:38:37,FAILED,5000.0,NGN,card,TX-b679d6ac06d5,,,,,,,
,,,,,,,,,,,,,,ORD-000848,1677150531.0,FAILED,25000.0,USD,card,TRX494691
ORD-000966,2023-09-24T19:12:06Z,FAILED,40000.0,NGN,card,3bbf96f984eb,,,,,,,,,,,,,,
,,,,,,,,,,,,,,ORD-000912,1701800290.0,SUCCESS,9000.0,NGN,bank_transfer,TRX661071
,,,,,,,,,,,,,,ORD-000114,1683431159.0,SUCCESS,25000.0,NGN,ussd,TRX303086
,,,,,,,ORD-001175,2023/06/07 19:48:22,SUCCESS,5000.0,NGN,bank_transfer,TX-ecab499f670b,,,,,,,
,,,,,,,,,,,,,,ORD-000844,1699063384.0,SUCCESS,25000.0,NGN,card,TRX758888
,,,,,,,ORD-000558,2023/12/05 11:56:53,SUCCESS,5000.0,NGN,bank_transfer,TX-b35ea5b2f774,,,,,,,
,,,,,,,ORD-001308,2023/11/11 18:08:11,SUCCESS,40000.0,NGN,ussd,TX-97c2c77a4cb9,,,,,,,
ORD-000255,2023-11-12T01:52:25Z,FAILED,25000.0,NGN,bank_transfer,025c65705b3c,,,,,,,,,,,,,,
,,,,,,,,,,,,,,ORD-000877,1683580778.0,SUCCESS,40000.0,USD,card,TRX599100
ORD-000725,2023-02-20T15:42:05Z,SUCCESS,5000.0,NGN,card,ce98b02f11c3,,,,,,,,,,,,,,
,,,,,,,,,,,,,,ORD-000137,1687524295.0,FAILED,40000.0,NGN,bank_transfer,TRX921198
,,,,,,,,,,,,,,ORD-000654,1678709395.0,FAILED,18000.0,NGN,ussd,TRX846165
,,,,,,,ORD-000467,2023/06/14 02:34:08,SUCCESS,18000.0,NGN,ussd,TX-0fd5943a4db6,,,,,,,
,,,,,,,ORD-000095,2023/02/05 03:29:49,SUCCESS,5000.0,NGN,bank_transfer,TX-e34b79b2583c,,,,,,,
,,,,,,,,,,,,,,ORD-000582,1694546704.0,SUCCESS,40000.0,USD,bank_transfer,TRX874306
,,,,,,,,,,,,,,ORD-000555,1682655765.0,SUCCESS,12000.0,NGN,card,TRX282169
ORD-000503,2023-10-05T03:32:30Z,SUCCESS,25000.0,NGN,card,ddb4317820f8,,,,,,,,,,,,,,
ORD-000437,2023-03-07T15:01:34Z,SUCCESS,18000.0,NGN,bank_transfer,2e0069064869,,,,,,,,,,,,,,
,,,,,,,,,,,,,,ORD-001176,1676715248.0,SUCCESS,18000.0,USD,card,TRX441533
,,,,,,,,,,,,,,ORD-000935,1688380740.0,FAILED,25000.0,NGN,card,TRX236204
,,,,,,,,,,,,,,ORD-000133,1701566006.0,SUCCESS,40000.0,USD,bank_transfer,TRX647084
,,,,,,,ORD-000569,2023/12/29 02:13:29,SUCCESS,25000.0,NGN,card,TX-2fabeaf41c96,,,,,,,
,,,,,,,ORD-000854,2023/01/30 12:59:31,SUCCESS,18000.0,NGN,bank_transfer,TX-477adfc181e5,,,,,,,
,,,,,,,ORD-000168,2023/08/15 05:30:47,SUCCESS,25000.0,NGN,card,TX-44e004b22efe,,,,,,,
,,,,,,,ORD-000622,2023/10/12 01:38:59,SUCCESS,40000.0,NGN,bank_transfer,TX-dd0aa22cde35,,,,,,,
,,,,,,,,,,,,,,ORD-001058,1701320186.0,SUCCESS,9000.0,USD,bank_transfer,TRX352890
ORD-000989,2023-08-06T07:33:01Z,SUCCESS,5000.0,NGN,ussd,e33a7825aa8e,,,,,,,,,,,,,,
,,,,,,,,,,,,,,ORD-001148,1702305930.0,FAILED,9000.0,NGN,card,TRX450574
,,,,,,,ORD-000322,2023/10/19 15:29:41,SUCCESS,25000.0,NGN,ussd,TX-a1607e67c3d1,,,,,,,
ORD-000340,2023-07-07T14:32:47Z,SUCCESS,18000.0,NGN,ussd,6c3c2dcd8dc9,,,,,,,,,,,,,,
,,,,,,,,,,,,,,ORD-000844,1673186474.0,FAILED,40000.0,NGN,bank_transfer,TRX984565
,,,,,,,,,,,,,,ORD-000441,1694227066.0,SUCCESS,12000.0,NGN,bank_transfer,TRX522063
,,,,,,,ORD-001085,2023/02/12 02:31:22,SUCCESS,9000.0,NGN,card,TX-7fb0a6865bef,,,,,,,
,,,,,,,ORD-000968,2023/11/20 02:29:27,SUCCESS,5000.0,NGN,ussd,TX-15614eb6e211,,,,,,,
ORD-000504,2023-07-22T00:29:43Z,SUCCESS,40000.0,NGN,ussd,f8d17487c078,,,,,,,,,,,,,,
,,,,,,,,,,,,,,ORD-000891,1680074109.0,FAILED,40000.0,NGN,bank_transfer,TRX136829
,,,,,,,ORD-001055,2023/04/17 00:11:39,SUCCESS,40000.0,NGN,ussd,TX-83cf281d1fa1,,,,,,,
,,,,,,,,,,,,,,ORD-001008,1682747465.0,SUCCESS,9000.0,USD,bank_transfer,TRX745598
ORD-000122,2023-11-07T02:01:53Z,SUCCESS,18000.0,NGN,bank_transfer,563f1212f4cf,,,,,,,,,,,,,,
ORD-000273,2023-07-02T21:01:22Z,SUCCESS,25000.0,NGN,ussd,9cf70ac5bc8f,,,,,,,,,,,,,,
,,,,,,,ORD-001029,2023/06/23 11:59:54,SUCCESS,25000.0,NGN,bank_transfer,TX-ccb4e0190317,,,,,,,
,,,,,,,ORD-000083,2023/04/30 08:32:06,SUCCESS,5000.0,NGN,card,TX-7c9c5d9bb771,,,,,,,
ORD-000368,2023-08-26T11:11:11Z,SUCCESS,9000.0,NGN,card,135cddc28eb4,,,,,,,,,,,,,,
,,,,,,,,,,,,,,ORD-000797,1702865365.0,SUCCESS,12000.0,USD,card,TRX564835
,,,,,,,,,,,,,,ORD-000021,1703083197.0,SUCCESS,18000.0,USD,card,TRX890087
,,,,,,,ORD-000529,2023/10/12 10:50:34,SUCCESS,25000.0,NGN,bank_transfer,TX-e558c9021cee,,,,,,,
ORD-000305,2023-06-30T13:58:04Z,SUCCESS,9000.0,NGN,bank_transfer,1c0ad1299b93,,,,,,,,,,,,,,
,,,,,,,ORD-001143,2023/07/07 06:18:54,SUCCESS,5000.0,NGN,ussd,TX-5b9f26b28e70,,,,,,,
,,,,,,,ORD-000734,2023/06/05 03:03:17,SUCCESS,9000.0,NGN,bank_transfer,TX-5462a1a53a96,,,,,,,
ORD-001009,2023-03-31T12:51:52Z,FAILED,25000.0,NGN,bank_transfer,c52f4d0909bb,,,,,,,,,,,,,,
,,,,,,,ORD-000820,2023/10/28 07:57:47,SUCCESS,9000.0,NGN,ussd,TX-bbb5f774eb2b,,,,,,,
ORD-000449,2023-09-19T19:42:51Z,FAILED,9000.0,NGN,bank_transfer,f6a707748d55,,,,,,,,,,,,,,
,,,,,,,ORD-000478,2023/10/06 15:13:07,SUCCESS,5000.0,NGN,ussd,TX-67bed05045d9,,,,,,,
,,,,,,,,,,,,,,ORD-001378,1683006694.0,FAILED,5000.0,NGN,card,TRX314343
ORD-000023,2023-03-18T16:57:39Z,FAILED,40000.0,NGN,card,a5db57f88c1f,,,,,,,,,,,,,,
,,,,,,,ORD-001054,2023/07/27 03:25:00,SUCCESS,5000.0,NGN,bank_transfer,TX-8e2655b09fff,,,,,,,
,,,,,,,,,,,,,,ORD-000998,1693534156.0,SUCCESS,18000.0,NGN,bank_transfer,TRX205935
,,,,,,,,,,,,,,ORD-000762,1695265388.0,FAILED,18000.0,NGN,bank_transfer,TRX666601
,,,,,,,,,,,,,,ORD-001368,1685488666.0,SUCCESS,12000.0,NGN,ussd,TRX863265
,,,,,,,ORD-000296,2023/05/23 18:44:16,SUCCESS,9000.0,NGN,ussd,TX-a18ddce4093c,,,,,,,
ORD-000323,2023-04-23T09:05:00Z,FAILED,40000.0,NGN,card,0b02efb64564,,,,,,,,,,,,,,
,,,,,,,,,,,,,,ORD-000406,1692748912.0,SUCCESS,9000.0,NGN,ussd,TRX375853
,,,,,,,,,,,,,,ORD-000272,1691190573.0,FAILED,25000.0,NGN,ussd,TRX579004
,,,,,,,,,,,,,,ORD-000960,1695084148.0,SUCCESS,5000.0,NGN,card,TRX827067
,,,,,,,ORD-000488,2023/02/06 17:45:53,SUCCESS,40000.0,NGN,bank_transfer,TX-3219817265eb,,,,,,,
ORD-000708,2023-10-30T16:19:26Z,FAILED,9000.0,NGN,ussd,578bc6b77682,,,,,,,,,,,,,,
ORD-000812,2023-06-18T16:54:56Z,SUCCESS,18000.0,NGN,ussd,d0de3bcf2f71,,,,,,,,,,,,,,
ORD-000076,2023-09-08T23:19:19Z,SUCCESS,18000.0,NGN,bank_transfer,a9fb6e1494b6,,,,,,,,,,,,,,
,,,,,,,,,,,,,,ORD-000610,1691892310.0,SUCCESS,25000.0,NGN,bank_transfer,TRX711922
,,,,,,,,,,,,,,ORD-000183,1672563736.0,FAILED,9000.0,NGN,bank_transfer,TRX998122
,,,,,,,ORD-000346,2023/02/10 01:33:08,SUCCESS,9000.0,NGN,ussd,TX-b0f36239e5a0,,,,,,,
ORD-000905,2023-03-21T23:06:38Z,SUCCESS,25000.0,NGN,bank_transfer,6f9a2d0a98fe,,,,,,,,,,,,,,
,,,,,,,,,,,,,,ORD-000690,1682229450.0,FAILED,12000.0,NGN,ussd,TRX926147
ORD-000850,2023-06-19T02:57:55Z,SUCCESS,5000.0,NGN,ussd,1f5b9e3b5b1d,,,,,,,,,,,,,,
ORD-001052,2023-03-26T08:27:17Z,FAILED,5000.0,NGN,card,83e1e051fd05,,,,,,,,,,,,,,
,,,,,,,,,,,,,,ORD-001238,1699598389.0,SUCCESS,18000.0,NGN,card,TRX332204
ORD-000344,2023-10-13T18:26:10Z,SUCCESS,40000.0,NGN,bank_transfer,005092e792d7,,,,,,,,,,,,,,
,,,,,,,,,,,,,,ORD-000349,1679393252.0,SUCCESS,25000.0,NGN,ussd,TRX324213
ORD-000134,2023-09-17T05:50:49Z,SUCCESS,5000.0,NGN,card,835122d068de,,,,,,,,,,,,,,
,,,,,,,,,,,,,,ORD-000620,1689959281.0,SUCCESS,5000.0,USD,ussd,TRX884114
ORD-000316,2023-05-01T05:08:18Z,SUCCESS,25000.0,NGN,bank_transfer,433ad6bbe6df,,,,,,,,,,,,,,
,,,,,,,,,,,,,,ORD-000405,1688269187.0,SUCCESS,12000.0,NGN,ussd,TRX195803
,,,,,,,ORD-000883,2023/11/02 14:21:54,SUCCESS,9000.0,NGN,ussd,TX-ff5c7d7430fa,,,,,,,
ORD-000850,2023-12-22T11:08:08Z,SUCCESS,12000.0,NGN,ussd,fd92abab6d51,,,,,,,,,,,,,,
,,,,,,,ORD-001146,2023/01/06 14:57:13,SUCCESS,40000.0,NGN,bank_transfer,TX-da2e1c5414fa,,,,,,,
,,,,,,,,,,,,,,ORD-000892,1700562290.0,SUCCESS,40000.0,NGN,bank_transfer,TRX345166
,,,,,,,ORD-001125,2023/10/17 00:26:58,SUCCESS,25000.0,NGN,ussd,TX-d671ca5984b1,,,,,,,
,,,,,,,,,,,,,,ORD-000062,1683663051.0,SUCCESS,5000.0,USD,bank_transfer,TRX679994
ORD-001111,2023-10-15T10:41:55Z,SUCCESS,25000.0,NGN,card,accaa091ab96,,,,,,,,,,,,,,
ORD-000912,2023-04-06T08:20:01Z,SUCCESS,18000.0,NGN,bank_transfer,38982a94d65d,,,,,,,,,,,,,,
,,,,,,,,,,,,,,ORD-000439,1673892731.0,SUCCESS,9000.0,NGN,ussd,TRX351389
,,,,,,,,,,,,,,ORD-001169,1692385111.0,SUCCESS,25000.0,NGN,bank_transfer,TRX770858
ORD-000456,2023-10-28T19:07:42Z,SUCCESS,18000.0,NGN,bank_transfer,7808ca87d3c3,,,,,,,,,,,,,,
,,,,,,,ORD-000363,2023/03/14 11:50:27,SUCCESS,5000.0,NGN,ussd,TX-a8d2c62037f7,,,,,,,
ORD-001034,2023-01-25T15:50:29Z,FAILED,12000.0,NGN,ussd,7c171091c22e,,,,,,,,,,,,,,
,,,,,,,,,,,,,,ORD-000860,1682286728.0,SUCCESS,25000.0,USD,card,TRX941357
ORD-000977,2023-04-11T19:14:48Z,SUCCESS,25000.0,NGN,bank_transfer,ce6078f2ec8c,,,,,,,,,,,,,,
ORD-000168,2023-02-01T11:34:09Z,FAILED,5000.0,NGN,card,e47c639460f8,,,,,,,,,,,,,,
,,,,,,,,,,,,,,ORD-000487,1691809996.0,SUCCESS,12000.0,NGN,bank_transfer,TRX678026
,,,,,,,,,,,,,,ORD-001030,1703609119.0,SUCCESS,40000.0,NGN,ussd,TRX146571
,,,,,,,ORD-000620,2023/05/02 21:20:58,SUCCESS,12000.0,NGN,card,TX-95cca8584aa1,,,,,,,
ORD-001114,2023-10-05T13:00:33Z,SUCCESS,9000.0,NGN,bank_transfer,b5c1d45b2988,,,,,,,,,,,,,,
,,,,,,,,,,,,,,ORD-000647,1672542061.0,SUCCESS,12000.0,NGN,card,TRX923556
,,,,,,,,,,,,,,ORD-000396,1672919146.0,FAILED,12000.0,NGN,card,TRX950024
,,,,,,,ORD-000954,2023/07/30 11:35:37,FAILED,18000.0,NGN,bank_transfer,TX-f17e39b68b0d,,,,,,,
,,,,,,,,,,,,,,ORD-000186,1682436589.0,SUCCESS,18000.0,NGN,ussd,TRX755855
,,,,,,,ORD-000766,2023/12/07 15:02:42,SUCCESS,40000.0,NGN,card,TX-b361c09dc007,,,,,,,
,,,,,,,,,,,,,,ORD-000456,1686348385.0,SUCCESS,40000.0,NGN,card,TRX616376
,,,,,,,,,,,,,,ORD-000016,1672916006.0,SUCCESS,25000.0,USD,ussd,TRX992012
,,,,,,,,,,,,,,ORD-000334,1702970849.0,SUCCESS,40000.0,NGN,bank_transfer,TRX206339
,,,,,,,ORD-000172,2023/08/18 12:26:26,FAILED,9000.0,NGN,card,TX-d2b41b7e7993,,,,,,,
,,,,,,,ORD-000723,2023/02/22 08:08:21,FAILED,5000.0,NGN,bank_transfer,TX-a09c4fda33cc,,,,,,,
ORD-000437,2023-12-05T22:55:07Z,SUCCESS,25000.0,NGN,bank_transfer,e9aef763fbf3,,,,,,,,,,,,,,
,,,,,,,ORD-000790,2023/10/06 04:50:50,SUCCESS,18000.0,NGN,ussd,TX-182f562a1c92,,,,,,,
ORD-000372,2023-11-03T09:56:59Z,SUCCESS,40000.0,NGN,card,05a66262622b,,,,,,,,,,,,,,
ORD-000122,2023-08-18T20:59:30Z,SUCCESS,18000.0,USD,bank_transfer,499e26fe9b6d,,,,,,,,,,,,,,
,,,,,,,ORD-000192,2023/02/12 18:50:05,FAILED,40000.0,NGN,bank_transfer,TX-7f88ea0d865d,,,,,,,
,,,,,,,ORD-000168,2023/09/17 02:59:30,SUCCESS,9000.0,NGN,ussd,TX-9d981d3d1929,,,,,,,
,,,,,,,ORD-000454,2023/01/24 00:35:51,FAILED,40000.0,NGN,bank_transfer,TX-699bba9a6671,,,,,,,
,,,,,,,,,,,,,,ORD-001015,1696711976.0,SUCCESS,9000.0,NGN,card,TRX331904
,,,,,,,,,,,,,,ORD-000583,1683968014.0,SUCCESS,25000.0,NGN,ussd,TRX835171
,,,,,,,ORD-000216,2023/12/09 07:55:30,SUCCESS,25000.0,NGN,bank_transfer,TX-d8b13b0b20ff,,,,,,,
,,,,,,,ORD-001122,2023/04/22 22:17:10,SUCCESS,5000.0,NGN,bank_transfer,TX-8396130b2e9d,,,,,,,
,,,,,,,ORD-000101,2023/11/04 19:37:41,SUCCESS,12000.0,NGN,ussd,TX-362b759b6728,,,,,,,
,,,,,,,ORD-001141,2023/04/09 07:44:22,SUCCESS,25000.0,NGN,bank_transfer,TX-fb3446ddbcfc,,,,,,,
,,,,,,,ORD-001024,2023/04/10 16:11:31,FAILED,12000.0,NGN,ussd,TX-fd6e9449f8b1,,,,,,,
ORD-000667,2023-04-19T22:21:04Z,SUCCESS,18000.0,NGN,bank_transfer,8666fdb747db,,,,,,,,,,,,,,
,,,,,,,,,,,,,,ORD-001375,1683685271.0,SUCCESS,9000.0,NGN,ussd,TRX825940
ORD-000538,2023-06-04T17:07:18Z,SUCCESS,25000.0,NGN,ussd,91bd2bf19679,,,,,,,,,,,,,,
,,,,,,,,,,,,,,ORD-000714,1694471142.0,FAILED,12000.0,NGN,bank_transfer,TRX181971
ORD-000033,2023-08-29T21:35:48Z,SUCCESS,18000.0,NGN,ussd,fb8b1b9506f2,,,,,,,,,,,,,,
,,,,,,,,,,,,,,ORD-000391,1698069334.0,SUCCESS,18000.0,NGN,bank_transfer,TRX734199
,,,,,,,ORD-000708,2023/01/18 10:27:47,FAILED,25000.0,NGN,bank_transfer,TX-a9e3c171c409,,,,,,,
,,,,,,,ORD-000821,2023/07/02 07:14:53,SUCCESS,25000.0,NGN,ussd,TX-b7d0ec3497d3,,,,,,,
,,,,,,,ORD-000030,2023/10/31 19:43:54,SUCCESS,18000.0,NGN,bank_transfer,TX-8af274732d61,,,,,,,
,,,,,,,ORD-000174,2023/10/22 14:14:41,SUCCESS,25000.0,NGN,card,TX-7562354d6efd,,,,,,,
,,,,,,,ORD-000017,2023/04/30 18:52:59,SUCCESS,18000.0,NGN,card,TX-492f6c13e87d,,,,,,,
ORD-000846,2023-09-10T14:47:27Z,FAILED,9000.0,NGN,bank_transfer,0add12e25b49,,,,,,,,,,,,,,
,,,,,,,,,,,,,,ORD-001006,1682441581.0,FAILED,18000.0,USD,card,TRX238555
ORD-000303,2023-02-27T11:04:44Z,SUCCESS,12000.0,NGN,card,585f795c6500,,,,,,,,,,,,,,
,,,,,,,ORD-000800,2023/01/01 06:24:34,SUCCESS,25000.0,NGN,ussd,TX-b12c49308552,,,,,,,
,,,,,,,ORD-000800,2023/06/25 18:41:19,FAILED,5000.0,USD,bank_transfer,TX-c1831582eb84,,,,,,,
,,,,,,,ORD-000308,2023/09/01 02:09:34,SUCCESS,12000.0,USD,ussd,TX-2f5af355a547,,,,,,,
,,,,,,,ORD-000180,2023/10/07 05:29:29,FAILED,18000.0,NGN,bank_transfer,TX-974bac0efecd,,,,,,,
,,,,,,,,,,,,,,ORD-001357,1680246556.0,SUCCESS,9000.0,NGN,card,TRX860848
,,,,,,,ORD-000254,2023/08/23 18:38:33,FAILED,25000.0,USD,card,TX-86aa9283cf03,,,,,,,
,,,,,,,,,,,,,,ORD-000529,1680121910.0,SUCCESS,40000.0,USD,bank_transfer,TRX937584
,,,,,,,,,,,,,,ORD-000064,1703610587.0,SUCCESS,40000.0,NGN,ussd,TRX939236
ORD-000954,2023-08-18T19:25:28Z,SUCCESS,12000.0,NGN,card,b3a31ebfae17,,,,,,,,,,,,,,
,,,,,,,ORD-000305,2023/12/27 09:18:35,FAILED,5000.0,NGN,ussd,TX-7499a54ba4d8,,,,,,,
,,,,,,,,,,,,,,ORD-001159,1702770497.0,SUCCESS,40000.0,NGN,card,TRX116245
ORD-001161,2023-02-28T11:43:45Z,SUCCESS,12000.0,USD,card,b900fff31d0e,,,,,,,,,,,,,,
,,,,,,,,,,,,,,ORD-001064,1697858774.0,SUCCESS,12000.0,NGN,card,TRX628413
ORD-000579,2023-12-03T15:33:03Z,FAILED,12000.0,NGN,card,8545b23bac48,,,,,,,,,,,,,,
,,,,,,,ORD-001092,2023/03/17 21:27:43,SUCCESS,9000.0,NGN,bank_transfer,TX-6b2ad3d15055,,,,,,,
,,,,,,,,,,,,,,ORD-000606,1678761567.0,FAILED,5000.0,NGN,bank_transfer,TRX170892
,,,,,,,,,,,,,,ORD-001079,1691224330.0,SUCCESS,5000.0,NGN,ussd,TRX361649
,,,,,,,ORD-000749,2023/08/04 03:49:50,SUCCESS,18000.0,NGN,card,TX-e06935621206,,,,,,,
ORD-000537,2023-06-04T01:36:22Z,SUCCESS,40000.0,USD,bank_transfer,93f0c6edb947,,,,,,,,,,,,,,
,,,,,,,,,,,,,,ORD-000264,1690851314.0,SUCCESS,40000.0,NGN,bank_transfer,TRX968006
,,,,,,,,,,,,,,ORD-000162,1694849141.0,FAILED,9000.0,NGN,ussd,TRX175765
,,,,,,,,,,,,,,ORD-000441,1703109546.0,SUCCESS,5000.0,NGN,bank_transfer,TRX489459
ORD-000280,2023-02-19T20:43:27Z,FAILED,12000.0,NGN,ussd,539b2e4a8134,,,,,,,,,,,,,,
ORD-000169,2023-11-03T22:37:01Z,SUCCESS,5000.0,NGN,card,902ad9381bd9,,,,,,,,,,,,,,
,,,,,,,ORD-001300,2023/04/18 17:12:36,SUCCESS,25000.0,NGN,bank_transfer,TX-baa2bd223219,,,,,,,
ORD-000627,2023-10-02T21:25:42Z,SUCCESS,9000.0,USD,bank_transfer,6473885b64cf,,,,,,,,,,,,,,
,,,,,,,ORD-000981,2023/11/11 20:57:43,FAILED,9000.0,NGN,bank_transfer,TX-f97f7a46cd68,,,,,,,
ORD-001190,2023-03-05T22:26:27Z,SUCCESS,5000.0,NGN,ussd,c7e9495b3da5,,,,,,,,,,,,,,
,,,,,,,,,,,,,,ORD-001212,1679444145.0,SUCCESS,12000.0,NGN,bank_transfer,TRX728889
,,,,,,,,,,,,,,ORD-000747,1696403142.0,SUCCESS,40000.0,NGN,bank_transfer,TRX533434
,,,,,,,,,,,,,,ORD-001087,1689529483.0,FAILED,5000.0,NGN,bank_transfer,TRX845070
,,,,,,,ORD-000268,2023/05/23 06:41:08,SUCCESS,12000.0,NGN,card,TX-8929ded23b9b,,,,,,,
,,,,,,,ORD-000896,2023/07/19 23:51:34,FAILED,5000.0,NGN,bank_transfer,TX-f4aebb7906f6,,,,,,,
,,,,,,,ORD-000432,2023/02/15 15:24:41,FAILED,25000.0,NGN,card,TX-c2e257751a85,,,,,,,
,,,,,,,ORD-001141,2023/12/27 22:26:22,SUCCESS,9000.0,NGN,card,TX-f78603456a3c,,,,,,,
,,,,,,,,,,,,,,ORD-000640,1702004693.0,SUCCESS,18000.0,NGN,ussd,TRX682563
ORD-000942,2023-10-08T19:22:49Z,SUCCESS,5000.0,NGN,bank_transfer,63496319ec97,,,,,,,,,,,,,,
ORD-000789,2023-11-30T20:18:59Z,SUCCESS,5000.0,NGN,bank_transfer,9e72ac38f767,,,,,,,,,,,,,,
ORD-000921,2023-10-06T11:22:39Z,FAILED,5000.0,NGN,ussd,738556134e42,,,,,,,,,,,,,,
,,,,,,,,,,,,,,ORD-000371,1694174440.0,SUCCESS,9000.0,NGN,card,TRX997998
,,,,,,,ORD-001101,2023/07/06 17:01:14,SUCCESS,9000.0,NGN,bank_transfer,TX-56f34f665d35,,,,,,,
,,,,,,,,,,,,,,ORD-000442,1679443093.0,FAILED,40000.0,USD,card,TRX917100
,,,,,,,,,,,,,,ORD-000883,1678104582.0,SUCCESS,18000.0,USD,card,TRX792199
ORD-000067,2023-07-30T21:52:40Z,SUCCESS,9000.0,NGN,card,5f0625dc940f,,,,,,,,,,,,,,
,,,,,,,ORD-000542,2023/05/13 01:30:42,SUCCESS,25000.0,NGN,ussd,TX-bcb2911b25fe,,,,,,,
,,,,,,,,,,,,,,ORD-001067,1682909146.0,SUCCESS,9000.0,NGN,bank_transfer,TRX374085
ORD-000060,2023-10-19T00:33:18Z,FAILED,18000.0,NGN,ussd,164aac3459a5,,,,,,,,,,,,,,
ORD-000039,2023-08-06T03:17:37Z,SUCCESS,12000.0,NGN,card,7ce59a16225a,,,,,,,,,,,,,,
,,,,,,,ORD-001084,2023/02/02 07:08:22,SUCCESS,12000.0,NGN,ussd,TX-5ef3b458e249,,,,,,,
,,,,,,,,,,,,,,ORD-001132,1696346462.0,SUCCESS,25000.0,NGN,bank_transfer,TRX358729
,,,,,,,ORD-000405,2023/03/23 00:02:54,SUCCESS,40000.0,NGN,bank_transfer,TX-2f36dc0248f0,,,,,,,
ORD-001181,2023-03-10T20:14:23Z,SUCCESS,18000.0,NGN,bank_transfer,31ea77463cc4,,,,,,,,,,,,,,
,,,,,,,,,,,,,,ORD-000750,1679564199.0,SUCCESS,9000.0,NGN,ussd,TRX973934
ORD-000183,2023-04-10T17:54:35Z,SUCCESS,9000.0,NGN,card,300b825bf2df,,,,,,,,,,,,,,
,,,,,,,ORD-001138,2023/08/01 17:10:28,SUCCESS,18000.0,NGN,bank_transfer,TX-f60d8e89d8b2,,,,,,,
,,,,,,,ORD-000394,2023/08/25 01:09:32,SUCCESS,18000.0,NGN,ussd,TX-eab9d3816608,,,,,,,
,,,,,,,ORD-000057,2023/02/06 11:55:40,FAILED,12000.0,NGN,card,TX-614b5c387323,,,,,,,
ORD-000001,2023-04-20T22:17:59Z,FAILED,12000.0,NGN,card,177eb6e99149,,,,,,,,,,,,,,
,,,,,,,ORD-000321,2023/04/12 13:48:31,SUCCESS,5000.0,NGN,ussd,TX-e90d21354bbe,,,,,,,
ORD-001075,2023-02-07T18:25:28Z,SUCCESS,12000.0,NGN,bank_transfer,d69ea2e5236b,,,,,,,,,,,,,,
ORD-000038,2023-11-22T22:20:11Z,SUCCESS,5000.0,NGN,ussd,a8c34545e9e5,,,,,,,,,,,,,,
,,,,,,,ORD-000986,2023/07/25 22:53:57,SUCCESS,25000.0,NGN,card,TX-cc050440b3f2,,,,,,,
ORD-000781,2023-09-16T18:25:43Z,FAILED,5000.0,NGN,bank_transfer,7781acee8f0f,,,,,,,,,,,,,,
,,,,,,,ORD-000808,2023/01/18 11:56:18,SUCCESS,18000.0,NGN,card,TX-021822a8ac36,,,,,,,
,,,,,,,ORD-000356,2023/05/22 07:10:23,SUCCESS,18000.0,NGN,bank_transfer,TX-d0b96466ef52,,,,,,,
ORD-000547,2023-08-29T23:00:43Z,SUCCESS,40000.0,NGN,card,4bdcbda0ee7a,,,,,,,,,,,,,,
,,,,,,,,,,,,,,ORD-000910,1679090059.0,FAILED,5000.0,NGN,bank_transfer,TRX221248
,,,,,,,,,,,,,,ORD-000632,1693287182.0,FAILED,9000.0,NGN,bank_transfer,TRX755727
,,,,,,,ORD-000848,2023/11/14 08:26:54,SUCCESS,18000.0,NGN,bank_transfer,TX-58776a35a76b,,,,,,,
,,,,,,,,,,,,,,ORD-001098,1695571926.0,SUCCESS,25000.0,NGN,card,TRX459685
,,,,,,,ORD-000972,2023/05/15 16:07:13,SUCCESS,25000.0,NGN,bank_transfer,TX-59bff6345c26,,,,,,,
,,,,,,,,,,,,,,ORD-000436,1703260540.0,FAILED,18000.0,NGN,bank_transfer,TRX153540
,,,,,,,ORD-000412,2023/07/10 07:09:06,SUCCESS,12000.0,NGN,bank_transfer,TX-fbab5e41552c,,,,,,,
,,,,,,,,,,,,,,ORD-000541,1683764510.0,SUCCESS,18000.0,NGN,ussd,TRX749090
,,,,,,,,,,,,,,ORD-001195,1681425732.0,SUCCESS,12000.0,NGN,ussd,TRX982858
ORD-000489,2023-11-28T12:46:10Z,SUCCESS,40000.0,NGN,bank_transfer,6902b3fd4089,,,,,,,,,,,,,,
ORD-000266,2023-01-10T03:12:09Z,SUCCESS,9000.0,NGN,card,1ecae45536d7,,,,,,,,,,,,,,
,,,,,,,,,,,,,,ORD-000012,1696857325.0,SUCCESS,18000.0,NGN,ussd,TRX430113
ORD-000530,2023-12-07T19:09:56Z,FAILED,12000.0,NGN,bank_transfer,129990cad8d9,,,,,,,,,,,,,,
ORD-000067,2023-07-23T21:08:27Z,FAILED,9000.0,NGN,card,781c7a536ef0,,,,,,,,,,,,,,
ORD-000762,2023-08-14T09:12:56Z,FAILED,9000.0,NGN,ussd,e5d30dd948b5,,,,,,,,,,,,,,
ORD-000778,2023-10-15T12:24:10Z,SUCCESS,5000.0,USD,ussd,405b7fe4f073,,,,,,,,,,,,,,
,,,,,,,ORD-000940,2023/01/22 12:00:59,SUCCESS,5000.0,NGN,bank_transfer,TX-f408ef56a2d9,,,,,,,
,,,,,,,ORD-000792,2023/03/10 14:45:26,SUCCESS,5000.0,NGN,ussd,TX-593cb1971626,,,,,,,
,,,,,,,,,,,,,,ORD-000094,1702042307.0,FAILED,25000.0,NGN,bank_transfer,TRX573909
,,,,,,,ORD-000885,2023/03/20 11:37:28,SUCCESS,40000.0,NGN,bank_transfer,TX-3a85d7a054fc,,,,,,,
ORD-000808,2023-10-17T13:11:16Z,FAILED,9000.0,NGN,card,b8963a23ba18,,,,,,,,,,,,,,
,,,,,,,,,,,,,,ORD-000403,1693312504.0,SUCCESS,9000.0,NGN,card,TRX920573
ORD-001179,2023-11-14T17:49:13Z,SUCCESS,5000.0,NGN,card,07dc093d920d,,,,,,,,,,,,,,
ORD-001002,2023-01-18T10:41:26Z,SUCCESS,25000.0,NGN,ussd,ceea9ba507d8,,,,,,,,,,,,,,
ORD-000803,2023-07-21T01:45:50Z,SUCCESS,40000.0,NGN,bank_transfer,7c27e453b4b7,,,,,,,,,,,,,,
,,,,,,,ORD-001062,2023/04/02 16:13:45,SUCCESS,12000.0,NGN,card,TX-7cec28ce1b1e,,,,,,,
ORD-000659,2023-12-01T20:23:21Z,SUCCESS,18000.0,NGN,bank_transfer,a690138e9292,,,,,,,,,,,,,,
ORD-000431,2023-01-09T21:41:38Z,SUCCESS,40000.0,NGN,bank_transfer,49d8a785ed33,,,,,,,,,,,,,,
,,,,,,,ORD-000840,2023/03/14 03:07:27,SUCCESS,25000.0,NGN,card,TX-97888732684c,,,,,,,
ORD-000887,2023-01-24T11:33:07Z,SUCCESS,40000.0,NGN,ussd,99947a1531b3,,,,,,,,,,,,,,
,,,,,,,ORD-000246,2023/08/21 21:44:30,FAILED,5000.0,NGN,ussd,TX-9b80d29100ea,,,,,,,
,,,,,,,ORD-001168,2023/02/19 11:13:49,FAILED,25000.0,NGN,bank_transfer,TX-954bf54faaa1,,,,,,,
ORD-001067,2023-09-19T01:05:40Z,FAILED,9000.0,USD,ussd,934d665acad4,,,,,,,,,,,,,,
ORD-001026,2023-01-04T11:42:51Z,SUCCESS,5000.0,NGN,ussd,2bbe744cbd50,,,,,,,,,,,,,,
,,,,,,,ORD-000136,2023/09/01 21:05:26,SUCCESS,12000.0,NGN,bank_transfer,TX-d633f7efc8cd,,,,,,,
ORD-000062,2023-04-14T19:40:43Z,FAILED,25000.0,USD,card,6f35f1808a89,,,,,,,,,,,,,,
,,,,,,,,,,,,,,ORD-001102,1694190161.0,SUCCESS,25000.0,NGN,ussd,TRX305812
ORD-000467,2023-07-20T23:51:55Z,SUCCESS,18000.0,NGN,bank_transfer,82cb246e748d,,,,,,,,,,,,,,
,,,,,,,,,,,,,,ORD-000673,1682085766.0,SUCCESS,12000.0,NGN,card,TRX750317
,,,,,,,,,,,,,,ORD-000379,1674469160.0,SUCCESS,18000.0,NGN,card,TRX680996
,,,,,,,ORD-001037,2023/11/04 12:40:35,SUCCESS,12000.0,NGN,bank_transfer,TX-7d7a7f132ad3,,,,,,,
ORD-000170,2023-07-11T05:56:49Z,SUCCESS,25000.0,NGN,bank_transfer,9d034a2a8443,,,,,,,,,,,,,,
ORD-000535,2023-12-12T03:49:12Z,FAILED,12000.0,NGN,ussd,2c59eb2e7274,,,,,,,,,,,,,,
,,,,,,,ORD-000442,2023/03/19 15:13:50,SUCCESS,40000.0,NGN,ussd,TX-f533d9445617,,,,,,,
,,,,,,,ORD-000893,2023/11/25 01:33:46,SUCCESS,25000.0,NGN,bank_transfer,TX-3f003a834e30,,,,,,,
,,,,,,,ORD-000111,2023/10/16 15:17:09,SUCCESS,40000.0,NGN,card,TX-ced088e610d8,,,,,,,
,,,,,,,,,,,,,,ORD-000267,1692600663.0,SUCCESS,9000.0,NGN,bank_transfer,TRX122366
,,,,,,,ORD-000339,2023/05/20 02:49:09,SUCCESS,5000.0,NGN,bank_transfer,TX-2e76ceefa68a,,,,,,,
ORD-000061,2023-08-20T22:42:00Z,SUCCESS,12000.0,NGN,card,ab764de684f8,,,,,,,,,,,,,,
,,,,,,,ORD-000124,2023/09/23 02:27:16,SUCCESS,9000.0,NGN,card,TX-ae7940bc17ff,,,,,,,
,,,,,,,ORD-000732,2023/02/06 06:43:07,SUCCESS,12000.0,NGN,bank_transfer,TX-40ab5c7691ef,,,,,,,
,,,,,,,,,,,,,,ORD-000161,1690372093.0,FAILED,40000.0,NGN,card,TRX995823
,,,,,,,ORD-001060,2023/11/10 16:45:16,SUCCESS,5000.0,NGN,bank_transfer,TX-3303391e54c9,,,,,,,
,,,,,,,,,,,,,,ORD-000067,1680500841.0,SUCCESS,12000.0,USD,card,TRX411764
,,,,,,,ORD-000919,2023/12/22 10:28:36,SUCCESS,18000.0,NGN,bank_transfer,TX-8cf3a252d695,,,,,,,
,,,,,,,,,,,,,,ORD-000419,1699755539.0,SUCCESS,40000.0,NGN,ussd,TRX445514
,,,,,,,ORD-000671,2023/07/24 09:09:40,SUCCESS,25000.0,NGN,bank_transfer,TX-f0d937324da4,,,,,,,
,,,,,,,,,,,,,,ORD-000298,1678832517.0,SUCCESS,12000.0,NGN,card,TRX993336
,,,,,,,ORD-000728,2023/07/15 21:45:07,SUCCESS,18000.0,NGN,bank_transfer,TX-c83286ce413b,,,,,,,
,,,,,,,,,,,,,,ORD-001082,1694723543.0,SUCCESS,25000.0,USD,bank_transfer,TRX143011
,,,,,,,ORD-001052,2023/08/12 09:08:10,SUCCESS,25000.0,NGN,ussd,TX-09456c6eca3c,,,,,,,
ORD-000622,2023-10-16T01:31:46Z,SUCCESS,12000.0,NGN,bank_transfer,1f9b492ae4f5,,,,,,,,,,,,,,
ORD-001382,2023-07-19T00:50:04Z,SUCCESS,40000.0,NGN,ussd,5a82f7d89feb,,,,,,,,,,,,,,
,,,,,,,,,,,,,,ORD-000063,1691727979.0,FAILED,40000.0,NGN,bank_transfer,TRX404591
,,,,,,,ORD-000681,2023/06/22 06:50:07,SUCCESS,12000.0,NGN,bank_transfer,TX-52b3b8a9aef9,,,,,,,
,,,,,,,,,,,,,,ORD-000722,1695944446.0,SUCCESS,12000.0,NGN,card,TRX632994
,,,,,,,,,,,,,,ORD-000127,1697919566.0,SUCCESS,18000.0,NGN,ussd,TRX913657
ORD-000916,2023-09-01T17:31:12Z,SUCCESS,25000.0,NGN,bank_transfer,81a4ce8c0fe1,,,,,,,,,,,,,,
ORD-000758,2023-12-08T12:27:09Z,SUCCESS,18000.0,NGN,card,76a13613f360,,,,,,,,,,,,,,
,,,,,,,,,,,,,,ORD-000591,1692220760.0,SUCCESS,18000.0,NGN,card,TRX745602
,,,,,,,ORD-001011,2023/10/04 00:09:21,SUCCESS,25000.0,USD,bank_transfer,TX-a42f5f1e5b06,,,,,,,
ORD-001122,2023-08-10T01:14:28Z,SUCCESS,12000.0,NGN,bank_transfer,b05ebe1cfb62,,,,,,,,,,,,,,
ORD-000217,2023-06-15T14:04:15Z,FAILED,18000.0,NGN,ussd,4b2f687a441a,,,,,,,,,,,,,,
,,,,,,,ORD-001001,2023/03/01 19:44:18,SUCCESS,5000.0,NGN,ussd,TX-bd175ae33c26,,,,,,,
ORD-000923,2023-06-23T12:01:32Z,SUCCESS,18000.0,NGN,ussd,9426eb7d8098,,,,,,,,,,,,,,
,,,,,,,ORD-000318,2023/07/10 14:45:55,FAILED,9000.0,NGN,bank_transfer,TX-a77427bd374f,,,,,,,
ORD-000580,2023-02-13T22:52:27Z,SUCCESS,18000.0,NGN,card,a3d01c19cad8,,,,,,,,,,,,,,
,,,,,,,ORD-000102,2023/05/12 15:34:03,SUCCESS,9000.0,NGN,bank_transfer,TX-acede416abb7,,,,,,,
ORD-000724,2023-08-30T17:59:58Z,SUCCESS,9000.0,USD,bank_transfer,254df4fbb9c8,,,,,,,,,,,,,,
,,,,,,,,,,,,,,ORD-000869,1694796642.0,FAILED,40000.0,NGN,bank_transfer,TRX607148
ORD-000850,2023-07-17T15:59:15Z,FAILED,5000.0,NGN,ussd,45dc5302cb0a,,,,,,,,,,,,,,
,,,,,,,ORD-001189,2023/01/12 15:20:02,SUCCESS,9000.0,NGN,ussd,TX-11481a0f1faf,,,,,,,
ORD-000182,2023-12-20T16:30:14Z,SUCCESS,9000.0,NGN,bank_transfer,f3dc3b17f12b,,,,,,,,,,,,,,
ORD-001186,2023-08-15T10:36:54Z,FAILED,5000.0,NGN,bank_transfer,6a1c01c6b962,,,,,,,,,,,,,,
,,,,,,,ORD-000497,2023/09/17 12:21:06,SUCCESS,25000.0,NGN,card,TX-956acec3c0a8,,,,,,,
ORD-001119,2023-09-08T23:17:53Z,SUCCESS,12000.0,NGN,card,20816a433955,,,,,,,,,,,,,,
,,,,,,,ORD-001131,2023/08/20 22:28:06,FAILED,9000.0,NGN,card,TX-4da7b28fb420,,,,,,,
